month,cadastre_raw_level,cadastre_smooth_level,cadastre_raw_abs_change,cadastre_raw_pct_change,cadastre_smooth_abs_change,cadastre_smooth_pct_change
2002-01-01,57254.12,57254.12,NA,NA,NA,NA
2002-02-01,57828.14399999999,57541.132,574.0239999999903,0.010025898572888492,287.01199999999517,0.005012949286444357
2002-03-01,59727.240000000005,58269.83466666667,1899.0960000000123,0.032840341547188734,728.7026666666716,0.012664030778307689
2002-04-01,60202.07099999999,59252.48499999999,474.83099999998376,0.007949990657528883,982.6503333333239,0.016863791341688028
2002-05-01,61565.85999999999,60498.39033333333,1363.7890000000043,0.022653522999233733,1245.9053333333359,0.021027056221073925
2002-06-01,62886.560999999994,61551.497333333326,1320.701000000001,0.021451840354378193,1053.1069999999963,0.017407190409490125
2002-07-01,65054.350000000006,63168.92366666666,2167.7890000000116,0.03447141910017959,1617.4263333333365,0.026277611486429597
2002-08-01,68411.35,65450.75366666667,3357,0.051603005794385703,2281.830000000009,0.03612266708929379
2002-09-01,71066.773,68177.49100000001,2655.4229999999952,0.038815532802670916,2726.737333333338,0.041660900456858
2002-10-01,75654.451,71710.85800000001,4587.678,0.06455447189082308,3533.3669999999984,0.05182600515469238
2002-11-01,77474.20199999999,74731.80866666666,1819.7509999999893,0.024053455889858855,3020.9506666666566,0.04212682362086162
2002-12-01,80439.584,77856.079,2965.3820000000123,0.03827573467617018,3124.270333333334,0.04180643275032736
2003-01-01,84014.62299999999,80642.803,3575.0389999999898,0.044443777829581865,2786.724000000002,0.035793274408283615
2003-02-01,88944.744,84466.317,4930.121000000014,0.05868170116052318,3823.5139999999956,0.04741296008770912
2003-03-01,93932.64,88964.00233333334,4987.895999999993,0.056078591895210694,4497.685333333342,0.05324827094489448
2003-04-01,95332.631,92736.67166666666,1399.9909999999945,0.014904201564014397,3772.669333333324,0.04240669522935536
2003-05-01,97327.956,95531.07566666667,1995.3250000000116,0.020930136712580705,2794.4040000000095,0.030132675130332798
2003-06-01,100010.68000000001,97557.089,2682.724000000002,0.02756375567981717,2026.013333333336,0.02120789825922853
2003-07-01,101942.845,99760.49366666668,1932.1649999999936,0.019319586668143707,2203.404666666669,0.022585797600691793
2003-08-01,105048.03799999999,102333.85433333334,3105.1929999999847,0.030460136756041978,2573.36066666666,0.025795388255245744
2003-09-01,107539.46699999999,104843.45,2491.4290000000037,0.02371704457726298,2509.5956666666607,0.024523611301614068
2003-10-01,108035.576,106874.36033333333,496.1090000000113,0.004613273748139468,2030.9103333333333,0.019370884240582864
2003-11-01,109861.43,108478.82433333332,1825.853999999992,0.01690048840948455,1604.4639999999927,0.015012618508272624
2003-12-01,111243.168,109713.39133333333,1381.738000000012,0.012577098259143549,1234.56700000001,0.011380718841554227
2004-01-01,114256.44000000002,111787.01266666668,3013.2720000000118,0.027087254473011857,2073.6213333333435,0.018900348518379406
2004-02-01,117046.19,114181.93266666667,2789.7499999999854,0.024416566803586504,2394.9199999999983,0.021423955635538006
2004-03-01,118544.63399999999,116615.75466666667,1498.4439999999886,0.012802159557692372,2433.822,0.021315298691826357
2004-04-01,120393.132,118661.31866666666,1848.4980000000069,0.015593265908602882,2045.563999999984,0.017541060432589184
2004-05-01,122966.84999999999,120634.87199999999,2573.7179999999935,0.021377614796166178,1973.5533333333296,0.016631816968740054
2004-06-01,124009.2,122456.394,1042.3500000000058,0.00847667481113823,1821.5220000000118,0.015099464771679116
2004-07-01,121800,122925.34999999999,-2209.199999999997,-0.017814807288491497,468.95599999999104,0.0038295754487103206
2004-08-01,122000,122603.06666666667,200,0.0016420361247948545,-322.2833333333256,-0.002621780888428016
2004-09-01,123600,122466.66666666667,1600,0.013114754098360715,-136.39999999999418,-0.0011125333460935138
2004-10-01,125500,123700,1900,0.0153721682847896,1233.3333333333285,0.010070767555797389
2004-11-01,127700,125600,2200,0.017529880478087678,1900,0.015359741309620034
2004-12-01,126200,126466.66666666667,-1500,-0.011746280344557603,866.6666666666715,0.006900212314224996
2005-01-01,131000,128300,4800,0.03803486529318545,1833.3333333333285,0.014496573537163826
2005-02-01,128600,128600,-2400,-0.018320610687022953,300,0.002338269680436378
2005-03-01,135500,131700,6900,0.053654743390357806,3100,0.024105754276827263
2005-04-01,140300,134800,4800,0.0354243542435424,3100,0.023538344722854987
2005-05-01,145600,140466.66666666666,5300,0.037776193870278085,5666.666666666657,0.042037586547972294
2005-06-01,151000,145633.33333333334,5400,0.03708791208791218,5166.666666666686,0.03678215472235413
2005-07-01,154100,150233.33333333334,3100,0.020529801324503216,4600,0.03158617532616148
2005-08-01,163200,156100,9100,0.0590525632706036,5866.666666666657,0.039050366097182154
2005-09-01,163600,160300,400,0.002450980392156854,4200,0.026905829596412634
2005-10-01,166100,164300,2500,0.015281173594132058,4000,0.024953212726138485
2005-11-01,173800,167833.33333333334,7700,0.04635761589403975,3533.333333333343,0.021505376344086002
2005-12-01,173700,171200,-100,-5.753739930954849e-4,3366.666666666657,0.02005958291956289
2006-01-01,180000,175833.33333333334,6300,0.03626943005181338,4633.333333333343,0.02706386292834906
2006-02-01,181900,178533.33333333334,1900,0.010555555555555651,2700,0.015355450236966828
2006-03-01,184700,182200,2800,0.015393073117097256,3666.666666666657,0.0205377147124719
2006-04-01,188900,185166.66666666666,4200,0.022739577693557056,2966.666666666657,0.016282473472374548
2006-05-01,188800,187466.66666666666,-100,-5.29380624669118e-4,2300,0.012421242124212473
2006-06-01,189100,188933.33333333334,300,0.0015889830508475367,1466.666666666686,0.007823613086771042
2006-07-01,191100,189666.66666666666,2000,0.01057641459545211,733.3333333333139,0.003881439661256092
2006-08-01,200300,193500,9200,0.04814233385661959,3833.333333333343,0.020210896309314608
2006-09-01,207000,199466.66666666666,6700,0.033449825262106936,5966.666666666657,0.030835486649440025
2006-10-01,208900,205400,1900,0.009178743961352653,5933.333333333343,0.02974598930481287
2006-11-01,218600,211500,9700,0.046433700335088535,6100,0.02969814995131448
2006-12-01,221900,216466.66666666666,3300,0.015096065873742015,4966.666666666657,0.02348305752561064
2007-01-01,227100,222533.33333333334,5200,0.023433979269941396,6066.666666666686,0.028025870033877576
2007-02-01,230000,226333.33333333334,2900,0.01276970497578156,3800,0.017076093469143183
2007-03-01,236300,231133.33333333334,6300,0.027391304347825995,4800,0.021207658321060308
2007-04-01,243700,236666.66666666666,7400,0.03131612357173075,5533.333333333314,0.023940005768676054
2007-05-01,252100,244033.33333333334,8400,0.034468608945424695,7366.666666666686,0.031126760563380262
2007-06-01,258800,251533.33333333334,6700,0.026576755255850903,7500,0.030733506351591222
2007-07-01,262600,257833.33333333334,3800,0.014683153013910433,6300,0.02504638218923927
2007-08-01,266400,262600,3800,0.0144706778370145,4766.666666666657,0.018487394957983128
2007-09-01,270300,266433.3333333333,3900,0.014639639639639546,3833.333333333314,0.014597613607514548
2007-10-01,275300,270666.6666666667,5000,0.018497965223825297,4233.333333333372,0.015888902789941373
2007-11-01,279900,275166.6666666667,4600,0.016709044678532514,4500,0.01662561576354671
2007-12-01,282600,279266.6666666667,2700,0.009646302250803762,4100,0.014900060569351892
2008-01-01,284600,282366.6666666667,2000,0.007077140835102691,3100,0.011100501312962585
2008-02-01,287400,284866.6666666667,2800,0.00983836964160223,2500,0.008853736276708712
2008-03-01,286700,286233.3333333333,-700,-0.002435629784272808,1366.6666666666279,0.004797566112801244
2008-04-01,294800,289633.3333333333,8100,0.028252528775723817,3400,0.011878420868755013
2008-05-01,298800,293433.3333333333,4000,0.013568521031207537,3800,0.013120036828173642
2008-06-01,303300,298966.6666666667,4500,0.015060240963855387,5533.333333333372,0.0188572077700786
2008-07-01,306200,302766.6666666667,2900,0.009561490273656492,3800,0.012710447095551247
2008-08-01,300800,303433.3333333333,-5400,-0.017635532331809256,666.6666666666279,0.00220191566662975
2008-09-01,301000,302666.6666666667,200,6.648936170212671e-4,-766.6666666666279,-0.002526639569372602
2008-10-01,300000,300600,-1000,-0.0033222591362126463,-2066.666666666686,-0.006828193832599139
2008-11-01,299400,300133.3333333333,-600,-0.0020000000000000018,-466.66666666668607,-0.0015524506542471395
2008-12-01,292000,297133.3333333333,-7400,-0.024716098864395408,-3000,-0.00999555752998671
2009-01-01,283000,291466.6666666667,-9000,-0.03082191780821919,-5666.666666666628,-0.01907112407448941
2009-02-01,269000,281333.3333333333,-14000,-0.04946996466431097,-10133.333333333372,-0.03476669716376957
2009-03-01,289800,280600,20800,0.07732342007434934,-733.3333333333139,-0.0026066350710899355
2009-04-01,272600,277133.3333333333,-17200,-0.059351276742581116,-3466.666666666686,-0.012354478498455723
2009-05-01,259700,274033.3333333333,-12900,-0.047322083639031565,-3100,-0.01118595140726486
2009-06-01,259300,263866.6666666667,-400,-0.0015402387370042625,-10166.666666666628,-0.03710010947573272
2009-07-01,255300,258100,-4000,-0.015426147319706929,-5766.666666666686,-0.02185447195553314
2009-08-01,253100,255900,-2200,-0.008617312965139012,-2200,-0.008523827973653586
2009-09-01,255000,254466.66666666666,1900,0.00750691426313721,-1433.333333333343,-0.005601146281099423
2009-10-01,259900,256000,4900,0.01921568627450987,1533.333333333343,0.006025674613570953
2009-11-01,264900,259933.33333333334,5000,0.019238168526356292,3933.333333333343,0.015364583333333348
2009-12-01,268500,264433.3333333333,3600,0.013590033975084959,4499.999999999971,0.017312131315721846
2010-01-01,269800,267733.3333333333,1300,0.004841713221601429,3300,0.012479515946048236
2010-02-01,270300,269533.3333333333,500,0.0018532246108229344,1800,0.006723107569721165
2010-03-01,274100,271400,3800,0.014058453570107377,1866.666666666686,0.006925550333910513
2010-04-01,277300,273900,3200,0.011674571324334249,2500,0.009211495946941817
2010-05-01,279900,277100,2600,0.009376126938333895,3200,0.011683096020445483
2010-06-01,283000,280066.6666666667,3100,0.011075384065737826,2966.666666666686,0.010706122939973639
2010-07-01,278100,280333.3333333333,-4900,-0.017314487632508868,266.66666666662786,9.521542489880908e-4
2010-08-01,274200,278433.3333333333,-3900,-0.014023732470334394,-1900,-0.006777645659928666
2010-09-01,270200,274166.6666666667,-4000,-0.014587892049598872,-4266.666666666628,-0.015323835747635406
2010-10-01,265900,270100,-4300,-0.015914137675795748,-4066.666666666686,-0.014832826747720462
2010-11-01,264900,267000,-1000,-0.0037608123354644363,-3100,-0.011477230655312809
2010-12-01,260700,263833.3333333333,-4200,-0.015855039637599044,-3166.666666666686,-0.011860174781523125
2011-01-01,258100,261233.33333333334,-2600,-0.009973149213655552,-2599.999999999971,-0.009854706253948131
2011-02-01,260000,259600,1900,0.007361487795428223,-1633.333333333343,-0.006252392497129056
2011-03-01,257700,258600,-2300,-0.008846153846153837,-1000,-0.0038520801232665436
2011-04-01,257100,258266.66666666666,-600,-0.002328288707799775,-333.33333333334303,-0.001288992008249612
2011-05-01,257500,257433.33333333334,400,0.001555814858031912,-833.3333333333139,-0.0032266391326792876
2011-06-01,256800,257133.33333333334,-700,-0.0027184466019417597,-300,-0.0011653502524925363
2011-07-01,257700,257333.33333333334,900,0.0035046728971963592,200,7.778065854291416e-4
2011-08-01,256600,257033.33333333334,-1100,-0.004268529297632884,-300,-0.0011658031088083165
2011-09-01,256500,256933.33333333334,-100,-3.89711613406063e-4,-100,-3.8905459732851977e-4
2011-10-01,256700,256600,200,7.79727095516547e-4,-333.33333333334303,-0.0012973533990658925
2011-11-01,258000,257066.66666666666,1300,0.005064277366575665,466.66666666665697,0.0018186541958951086
2011-12-01,256400,257033.33333333334,-1600,-0.006201550387596955,-33.33333333331393,-1.2966804979241964e-4
2012-01-01,251250,255216.66666666666,-5150,-0.020085803432137284,-1816.666666666686,-0.00706782518480098
2012-02-01,250100,252583.33333333334,-1150,-0.0045771144278606846,-2633.333333333314,-0.010318030431659353
2012-03-01,249900,250416.66666666666,-200,-7.99680127948843e-4,-2166.666666666686,-0.008578027053777748
2012-04-01,251900,250633.33333333334,2000,0.00800320128051224,216.66666666668607,8.652246256239948e-4
2012-05-01,255300,252366.66666666666,3400,0.01349741961095674,1733.333333333314,0.006915813273041582
2012-06-01,257400,254866.66666666666,2100,0.008225616921269108,2500,0.009906221106855018
2012-07-01,258400,257033.33333333334,1000,0.0038850038850037905,2166.666666666686,0.008501177086058131
2012-08-01,260000,258600,1600,0.006191950464396356,1566.666666666657,0.006095188691479736
2012-09-01,261600,260000,1600,0.006153846153846176,1400,0.005413766434648082
2012-10-01,263000,261533.33333333334,1400,0.005351681957186605,1533.333333333343,0.005897435897435965
2012-11-01,264200,262933.3333333333,1200,0.004562737642585635,1399.999999999971,0.005353046138159456
2012-12-01,265300,264166.6666666667,1100,0.00416351249053748,1233.3333333333721,0.004690669371196998
2013-01-01,266400,265300,1100,0.004146249528835355,1133.333333333314,0.00429022082018915
2013-02-01,268000,266566.6666666667,1600,0.006006006006006093,1266.666666666686,0.004774469154416483
2013-03-01,269800,268066.6666666667,1800,0.006716417910447747,1500,0.0056271101663123435
2013-04-01,271400,269733.3333333333,1600,0.005930318754633124,1666.6666666666279,0.006217358865953537
2013-05-01,271900,271033.3333333333,500,0.0018422991893882745,1300,0.0048195748887789325
2013-06-01,272000,271766.6666666667,100,3.6778227289446797e-4,733.3333333333721,0.002705694256549096
2013-07-01,272100,272000,100,3.6764705882363913e-4,233.33333333331393,8.58579663927328e-4
2013-08-01,272463.63636363635,272187.8787878788,363.63636363635305,0.0013364070695933705,187.87878787878435,6.907308377896992e-4
2013-09-01,272563.63636363635,272375.75757575757,100,3.670214540723027e-4,187.87878787878435,6.902540580258076e-4
2013-10-01,272900,272642.42424242425,336.36363636364695,0.0012340737775999866,266.66666666668607,9.790396511060173e-4
2013-11-01,273181.8181818182,272881.8181818182,281.8181818181765,0.0010326793031079085,239.39393939392176,8.780509491841393e-4
2013-12-01,273327.2727272727,273136.36363636365,145.45454545452958,5.324459234608003e-4,254.54545454547042,9.328047439784992e-4
2014-01-01,273363.63636363635,273290.90909090906,36.36363636364695,1.3304064391683745e-4,154.5454545454122,5.658179397569629e-4
2014-02-01,273404.54545454547,273365.1515151515,40.90909090911737,1.496508147655895e-4,74.2424242424313,2.716607899231338e-4
2014-03-01,273404.54545454547,273390.9090909091,0,0,25.75757575762691,9.422406482628709e-5
2014-04-01,273504.54545454547,273437.8787878788,100,3.6575836672270157e-4,46.969696969666984,1.7180416541950905e-4
2014-05-01,273590.9090909091,273500,86.36363636364695,3.157667314819257e-4,62.12121212121565,2.2718583246983393e-4
2014-06-01,273590.9090909091,273562.1212121212,0,0,62.12121212121565,2.2713423079046002e-4
2014-07-01,273659.0909090909,273613.63636363635,68.18181818176527,2.4921083236395525e-4,51.515151515137404,1.8831244357553345e-4
2014-08-01,273659.0909090909,273636.36363636365,0,0,22.727272727293894,8.306337735697333e-5
2014-09-01,273718.1818181818,273678.78787878784,59.09090909094084,2.1592890955912658e-4,42.424242424196564,1.550387596898073e-4
2014-10-01,273750,273709.0909090909,31.818181818176527,1.1624431233192567e-4,30.303030303039122,1.1072480457086087e-4
2014-11-01,273763.63636363635,273743.9393939394,13.636363636353053,4.981320049801674e-5,34.84848484850954,1.2731942783772432e-4
2014-12-01,273809.0909090909,273774.24242424243,45.45454545452958,1.6603573088924684e-4,30.303030303039122,1.1069845188216298e-4
2015-01-01,273745.45454545453,273772.72727272724,-63.63636363635305,-2.3241143464258762e-4,-1.5151515151956119,-5.534309954757788e-6
2015-02-01,274031.8181818182,273862.1212121212,286.36363636364695,0.0010460945802337474,89.39393939397996,3.265260944160797e-4
2015-03-01,274081.818181818,273953.0303030302,49.99999999982538,1.8246056363668828e-4,90.90909090900095,3.3195204399438794e-4
2015-04-01,274150,274087.8787878787,68.1818181819981,2.4876446980059974e-4,134.84848484850954,4.92232134462478e-4
2015-05-01,274195.45454545453,274142.4242424242,45.45454545452958,1.6580173428604184e-4,54.54545454547042,1.9900717531440293e-4
2015-06-01,274250,274198.48484848486,54.54545454547042,1.9892909835395045e-4,56.06060606066603,2.0449445654247e-4
2015-07-01,274268.1818181818,274237.8787878788,18.181818181823473,6.629651114620216e-5,39.393939393921755,1.4366942769838964e-4
2015-08-01,274290.9090909091,274269.69696969696,22.727272727293894,8.28651452626783e-5,31.818181818176527,1.1602402249755173e-4
2015-09-01,274350,274303.03030303033,59.09090909088263,2.15431525917964e-4,33.33333333337214,1.2153487498500759e-4
2015-10-01,274404.54545454547,274348.48484848486,54.54545454547042,1.9881703862023592e-4,45.45454545452958,1.657092355280554e-4
2015-11-01,274459.0909090909,274404.54545454547,54.54545454541221,1.9877751826258283e-4,56.060606060607824,2.0434086264975448e-4
2015-12-01,274490.9090909091,274451.51515151514,31.818181818234734,1.1593050794145299e-4,46.969696969666984,1.7116952961493404e-4
2016-01-01,274559.0909090909,274503.0303030303,68.18181818176527,2.483937206065878e-4,51.515151515137404,1.8770219390740195e-4
2016-02-01,274654.54545454547,274568.1818181818,95.45454545458779,3.476648510836178e-4,65.15151515154867,2.373435188660622e-4
2016-03-01,274718.1818181818,274643.9393939394,63.63636363635305,2.3169601482853075e-4,75.7575757575687,2.7591534917092986e-4
2016-04-01,274768.1818181818,274713.63636363635,50,1.820046990304025e-4,69.69696969696088,2.53772101619143e-4
2016-05-01,274809.0909090909,274765.1515151515,40.90909090905916,1.4888583764816055e-4,51.515151515137404,1.8752309567537928e-4
2016-06-01,274890.9090909091,274822.7272727273,81.81818181823473,2.9772734791122524e-4,57.575757575803436,2.0954534175210426e-4
2016-07-01,274909.0909090909,274869.69696969696,18.181818181765266,6.614194060428069e-5,46.969696969666984,1.7090907086103613e-4
2016-08-01,274950,274916.6666666667,40.90909090911737,1.488095238095788e-4,46.96969696972519,1.7087986594210847e-4
2016-09-01,274968.1818181818,274942.42424242425,18.181818181823473,6.612772570213643e-5,25.757575757568702,9.369230345290802e-5
2016-10-01,275050,274989.3939393939,81.81818181817653,2.975550890185197e-4,46.969696969666984,1.7083466510880996e-4
2016-11-01,275104.54545454547,275040.9090909091,54.54545454547042,1.9831105088341516e-4,51.51515151519561,1.873350487349157e-4
2016-12-01,275218.1818181818,275124.24242424243,113.63636363635305,4.1306610709979097e-4,83.33333333331393,3.0298523084715256e-4
2017-01-01,274181.8181818182,274834.8484848485,-1036.363636363647,-0.0037656074519389904,-289.39393939392176,-0.0010518663744203405
2017-02-01,274040.9090909091,274480.30303030304,-140.90909090905916,-5.139257294428656e-4,-354.5454545454704,-0.0012900309276645539
2017-03-01,270050,272757.57575757575,-3990.9090909091174,-0.01456318731443551,-1722.727272727294,-0.006276323851686749
2017-04-01,261845.45454545456,268645.4545454546,-8204.545454545441,-0.030381579168840767,-4112.121212121157,-0.015076102655260382
2017-05-01,261350,264415.1515151515,-495.4545454545587,-0.0018921640106933646,-4230.303030303097,-0.015746788038758064
2017-06-01,261618.18181818182,261604.54545454547,268.1818181818235,0.0010261404942866204,-2810.60606060602,-0.010629519694694833
2017-07-01,261868.18181818182,261612.12121212122,250,9.555910765168818e-4,7.575757575745229,2.8958814773494268e-5
2017-08-01,261613.63636363635,261700,-254.54545454547042,-9.720365902345929e-4,87.87878787878435,3.359125237454297e-4
2017-09-01,262190.9090909091,261890.9090909091,577.2727272727643,0.002206585005646966,190.90909090908826,7.294959530343981e-4
2017-10-01,263772.7272727273,262525.75757575757,1581.8181818181765,0.006033077909919804,634.8484848484804,0.002424095158752193
2017-11-01,264095.45454545453,263353.03030303033,322.7272727272357,0.0012235050835773809,827.2727272727643,0.003151205942274249
2017-12-01,267181.8181818182,265016.6666666667,3086.363636363647,0.01168654584258455,1663.636363636353,0.006317133931293961
2018-01-01,271568.1818181818,267615.1515151515,4386.363636363647,0.016417148690030636,2598.4848484848044,0.009804986536009475
2018-02-01,273231.8181818182,270660.6060606061,1663.636363636353,0.006126035651518924,3045.454545454588,0.011379978032679317
2018-03-01,277177.2727272727,273992.42424242425,3945.4545454545296,0.014439952754071506,3331.8181818181765,0.012309948722541986
2018-04-01,279045.45454545453,276484.84848484845,1868.1818181818235,0.006740025254595938,2492.4242424241966,0.009096690353084025
2018-05-01,281418.1818181818,279213.63636363635,2372.727272727294,0.008503013520117397,2728.7878787879017,0.009869574747917609
2018-06-01,283827.2727272727,281430.30303030304,2409.0909090908826,0.00856053753714936,2216.666666666686,0.00793896277966799
2018-07-01,285759.0909090909,283668.1818181818,1931.8181818181765,0.006806316261490641,2237.8787878787844,0.007951804634335424
2018-08-01,287695.45454545453,285760.606060606,1936.363636363647,0.006776210094326052,2092.4242424241966,0.007376309281544202
2018-09-01,289968.1818181818,287807.57575757575,2272.727272727294,0.007899767746828212,2046.9696969697252,0.007163232627437788
2018-10-01,292490.9090909091,290051.51515151514,2522.727272727294,0.008700014108131038,2243.939393939392,0.00779666549093716
2018-11-01,293436.36363636365,291965.15151515155,945.4545454545296,0.0032324236961520647,1913.6363636364113,0.0065975740986450315
2018-12-01,295559.0909090909,293828.7878787879,2122.7272727272357,0.007234029369849404,1863.636363636353,0.0063830780967009115
2019-01-01,296090.9090909091,295028.7878787879,531.8181818182347,0.0017993633022164168,1200,0.004084010993827603
2019-02-01,298145.45454545453,296598.48484848486,2054.545454545412,0.0069389008289835186,1569.6969696969609,0.005320487471689894
2019-03-01,303909.0909090909,299381.8181818182,5763.636363636353,0.019331625808025388,2783.333333333314,0.009384179203596243
2019-04-01,306300,302784.84848484845,2390.9090909091174,0.007867185163027202,3403.030303030275,0.011366856957771398
2019-05-01,309150,306453.0303030303,2850,0.00930460333006855,3668.1818181818235,0.012114812998528901
2019-06-01,311600,309016.6666666667,2450,0.007924955523208821,2563.6363636364113,0.008365511547075988
2019-07-01,313877.2727272727,311542.42424242425,2277.272727272706,0.007308320690862402,2525.7575757575687,0.008173531877754936
2019-08-01,317472.7272727273,314316.6666666667,3595.454545454588,0.011454969371352597,2774.2424242424313,0.008904862414769177
2019-09-01,321381.8181818182,317577.2727272727,3909.0909090908826,0.01231315503121233,3260.60606060602,0.010373634001609844
2019-10-01,326990.9090909091,321948.48484848486,5609.090909090941,0.017453043675039748,4371.2121212121565,0.013764247307980426
2019-11-01,333681.8181818182,327351.51515151514,6690.909090909059,0.02046206455558952,5403.030303030275,0.016782282126822423
2019-12-01,341450,334040.9090909091,7768.1818181818235,0.02328020705625944,6689.39393939398,0.020434895302982703
2020-01-01,343372.7272727273,339501.51515151514,1922.727272727294,0.005631065376269673,5460.60606060602,0.016347117709226255
2020-02-01,347172.7272727273,343998.48484848486,3800,0.011066691376982352,4496.969696969725,0.013245801553971814
2020-03-01,349190.9090909091,346578.7878787879,2018.1818181818235,0.005813192280499591,2580.303030303039,0.007500913939895826
2020-04-01,349190.9090909091,348518.1818181818,0,0,1939.3939393939218,0.005595824116253256
2020-05-01,345781.8181818182,348054.54545454547,-3409.090909090941,-0.009762828356460473,-463.63636363635305,-0.0013303075358008787
2020-06-01,342109.0909090909,345693.9393939394,-3672.727272727294,-0.010621516458092395,-2360.6060606060782,-0.0067822876943705035
2020-07-01,336309.0909090909,341400,-5800,-0.016953656462585065,-4293.939393939392,-0.012421216876024488
2020-08-01,332572.7272727273,336996.96969696967,-3736.3636363635887,-0.01110990971508874,-4403.030303030333,-0.012896983898741499
2020-09-01,332027.2727272727,333636.36363636365,-545.4545454545878,-0.001640106060192048,-3360.60606060602,-0.00997221447904384
2020-10-01,329718.1818181818,331439.3939393939,-2309.0909090908826,-0.006954521808175573,-2196.969696969725,-0.006584922797456927
2020-11-01,327100,329615.1515151515,-2618.1818181818235,-0.007940665582177653,-1824.2424242424313,-0.005504000000000064
2020-12-01,328104.54545454547,328307.57575757575,1004.5454545454704,0.003071065284455665,-1307.5757575757452,-0.003966977099096214
2021-01-01,326563.63636363635,327256.0606060606,-1540.9090909091174,-0.004696396658493085,-1051.5151515151374,-0.003202835478556154
2021-02-01,325445.45454545453,326704.54545454547,-1118.1818181818235,-0.0034240855186237207,-551.5151515151374,-0.0016852710091717071
2021-03-01,325827.2727272727,325945.45454545453,381.8181818181765,0.0011732171289700055,-759.0909090909408,-0.002323478260869649
2021-04-01,327495.45454545453,326256.0606060606,1668.1818181818235,0.005119834826037284,310.60606060607824,9.529387701976422e-4
2021-05-01,330340.9090909091,327887.8787878788,2845.454545454588,0.008688531416119805,1631.8181818181765,0.005001648639988199
2021-06-01,334631.8181818182,330822.7272727273,4290.909090909059,0.012989336085311276,2934.8484848485095,0.008950768462981706
2021-07-01,336690.9090909091,333887.8787878788,2059.090909090941,0.00615330281584936,3065.1515151514905,0.009265238638289208
2021-08-01,341345.45454545453,337556.0606060606,4654.545454545412,0.013824387082838285,3668.1818181818235,0.01098626829910243
2021-09-01,345845.45454545453,341293.9393939394,4500,0.013183125599232959,3737.8787878787844,0.01107335706302437
2021-10-01,350386.36363636365,345859.0909090909,4540.909090909117,0.013129879347054674,4565.1515151514905,0.013376011080824313
2021-11-01,357177.2727272727,351136.36363636365,6790.909090909059,0.019381202568593103,5277.272727272764,0.015258447344557169
2021-12-01,359986.36363636365,355850,2809.090909090941,0.007864696674684257,4713.636363636353,0.013423948220064652
2022-01-01,360681.8181818182,359281.8181818182,695.4545454545296,0.0019318913595212095,3431.8181818181765,0.009644002197044088
2022-02-01,364022.7272727273,361563.63636363635,3340.9090909091174,0.009262759924385744,2281.8181818181765,0.006351053870094381
2022-03-01,374086.36363636365,366263.63636363635,10063.636363636353,0.027645626521820565,4700,0.012999094840591363
2022-04-01,381318.1818181818,373142.42424242425,7231.8181818181765,0.01933194814031758,6878.787878787902,0.01878097412858759
2022-05-01,387072.7272727273,380825.75757575757,5754.54545454547,0.015091190845154312,7683.333333333314,0.020590886573491174
2022-06-01,390213.63636363635,386201.51515151514,3140.909090909059,0.008114519235285833,5375.757575757569,0.014116055620760237
2022-07-01,390995.45454545453,389427.2727272727,781.8181818181765,0.002003564480995257,3225.7575757575687,0.008352524392588156
2022-08-01,392477.2727272727,391228.78787878784,1481.8181818181765,0.0037898603796835406,1801.5151515151374,0.004626063138563952
2022-09-01,393509.0909090909,392327.2727272727,1031.8181818181765,0.0026289883606462894,1098.4848484848626,0.0028077812331774865
2022-10-01,395627.2727272727,393871.2121212121,2118.1818181818235,0.005382802753777227,1543.9393939393922,0.0039353353724471685
2022-11-01,398377.2727272727,395837.8787878788,2750,0.00695098692525109,1966.666666666686,0.004993171895135706
2022-12-01,400072.7272727273,398025.75757575757,1695.4545454545878,0.004255901783371208,2187.8787878787844,0.005527209256927179
2023-01-01,401959.0909090909,400136.36363636365,1886.3636363635887,0.004715051808761972,2110.6060606060782,0.005302687126232941
2023-02-01,404759.0909090909,402263.63636363635,2800,0.006965883004828699,2127.272727272706,0.005316369419515965
2023-03-01,408972.7272727273,405230.30303030304,4213.636363636411,0.010410232798409913,2966.666666666686,0.007374931260216933
2023-04-01,413072.7272727273,408934.8484848485,4100,0.010025118367528396,3704.5454545454704,0.009141827318546847
2023-05-01,416781.8181818182,412942.42424242425,3709.0909090908826,0.008979268453717104,4007.5757575757452,0.0098000348281011
2023-06-01,420863.63636363635,416906.0606060606,4081.8181818181765,0.00979365702569468,3963.636363636353,0.00959852059499089
2023-07-01,425481.8181818182,421042.42424242425,4618.1818181818235,0.010973107247002956,4136.363636363647,0.00992157233298685
2023-08-01,427977.2727272727,424774.24242424243,2495.4545454545296,0.005865008653291426,3731.8181818181765,0.008863283049286075
2023-09-01,434190.9090909091,429216.6666666667,6213.636363636411,0.014518612925495278,4442.424242424255,0.010458318322388749
2023-10-01,445904.54545454547,436024.24242424243,11713.636363636353,0.026978078348443235,6807.575757575745,0.015860464623715487
2023-11-01,450081.8181818182,443392.42424242425,4177.272727272706,0.009368087340339892,7368.1818181818235,0.016898559991104234
2023-12-01,453418.1818181818,449801.51515151514,3336.363636363647,0.0074127936334809075,6409.090909090883,0.014454669404966536
2024-01-01,455672.7272727273,453057.57575757575,2254.5454545454704,0.0049723313818270665,3256.060606060608,0.007238883143743546
2024-02-01,458131.8181818182,455740.9090909091,2459.0909090908826,0.005396616391349474,2683.333333333372,0.0059227203713489995
2024-03-01,458227.2727272727,457343.9393939394,95.45454545452958,2.0835607060298855e-4,1603.0303030302748,0.00351741586294696
2024-04-01,458186.36363636365,458181.8181818182,-40.90909090905916,-8.92768574545233e-5,837.8787878787844,0.0018320539876162112
2024-05-01,458804.54545454547,458406.0606060606,618.1818181818235,0.001349192964355428,224.2424242424313,4.894179894179285e-4
2024-06-01,459722.7272727273,458904.54545454547,918.1818181818235,0.0020012483033970963,498.4848484848626,0.0010874307547894535
2024-07-01,461568.1818181818,460031.8181818182,1845.4545454545296,0.0040142773806346455,1127.272727272706,0.002456442714369178
2024-08-01,463113.63636363635,461468.1818181818,1545.4545454545296,0.003348269240238233,1436.363636363647,0.0031223136739553237
2024-09-01,466700,463793.9393939394,3586.363636363647,0.00774402512636807,2325.7575757575687,0.005039908854807873
2024-10-01,470790.9090909091,466868.1818181818,4090.9090909091174,0.008765607651401552,3074.2424242424313,0.00662846614222623
2024-11-01,471868.1818181818,469786.36363636365,1077.272727272706,0.002288219051113094,2918.1818181818235,0.006250547653123828
2024-12-01,471481.8181818182,471380.30303030304,-386.36363636364695,-8.187956960244991e-4,1593.9393939393922,0.0033929026411101404
2025-01-01,466481.8181818182,469943.9393939394,-5000,-0.010604862811638305,-1436.363636363647,-0.0030471439454086147
2025-02-01,464418.1818181818,467460.6060606061,-2063.636363636353,-0.004423830218463154,-2483.333333333314,-0.005284318245567632
2025-03-01,461972.7272727273,464290.9090909091,-2445.4545454545296,-0.00526563050542217,-3169.696969696961,-0.006780671844005659
2025-04-01,461390.9090909091,462593.9393939394,-581.8181818181765,-0.001259421059881527,-1696.9696969697252,-0.003654970760234022
2025-05-01,460136.36363636365,461166.6666666667,-1254.5454545454704,-0.002719051090575908,-1427.272727272706,-0.0030853684100198286
2025-06-01,460218.1818181818,460581.8181818182,81.81818181817653,1.778129013139118e-4,-584.8484848485095,-0.0012681933173440685
2025-07-01,460736.36363636365,460363.63636363635,518.1818181818235,0.0011259481668772775,-218.18181818182347,-4.73709142586487e-4
2025-08-01,460418.1818181818,460457.57575757575,-318.1818181818235,-6.90594108245679e-4,93.93939393939218,2.0405476566609515e-4
2025-09-01,464200,461784.8484848485,3781.8181818181765,0.008213876712869661,1327.2727272727643,0.0028825081769781047
