Հրապարակվել է,Թարմացվել է,Մարզ,Համայնք,Գին (֏),Գին ($),Տան մակերես (մ²),Հողատարածքի մակերես (մ²),մ² գին (֏),Հղում
14/11/2025,,Սյունիք,Կապան,7260280,19000,25,0,290411.0,https://www.senyak.am/komercion-taratsq-kapanum-25qm--w1u3
27/12/2024,16/11/2025,Սյունիք,Կապան,12500000,32712,65,0,192307.0,https://www.senyak.am/arevtri-taratsq-kapanum-65qm--qj4v
03/08/2025,16/11/2025,Կոտայք,Զովք գյուղ,84066400,220000,2500,0,33626.0,https://www.senyak.am/artadramas-2500qm--w4zb
06/11/2025,16/11/2025,Տավուշ,Դիլիջան,764240000,2000000,1030,0,741980.0,https://www.senyak.am/shenq-shinutyun-dilijanum-1030qm--wd2j
23/11/2023,15/11/2025,Երևան,Արաբկիր,24837800,65000,21,0,1182752.0,https://www.senyak.am/ofisayin-taratsq-arabkirum-21qm--rbz
07/01/2025,15/11/2025,Երևան,Արաբկիր,61139200,160000,53,0,1153569.0,https://www.senyak.am/arevtri-taratsq-komitasum-53qm--qji6
13/11/2024,15/11/2025,Երևան,Շենգավիթ,64960400,170000,150,0,433069.0,https://www.senyak.am/artadramas-3-rd-masum-150qm--qcfi
09/05/2024,15/11/2025,Երևան,Քանաքեռ Զեյթուն,267484000,700000,500,0,534968.0,https://www.senyak.am/arevtri-taratsq-qanaqer-zeytunum-500qm--twk
06/11/2025,14/11/2025,Երևան,Աջափնյակ,955300000,2500000,3200,0,298531.0,https://www.senyak.am/artadramas-ajapnyakum-3200qm--wd78
21/09/2024,14/11/2025,Երևան,Շենգավիթ,53496800,140000,74,0,722929.0,https://www.senyak.am/arevtri-taratsq-charbaxum-78qm--qxeg
10/02/2025,12/11/2025,Երևան,Աջափնյակ,185328200,485000,198,0,936001.0,https://www.senyak.am/norakaruyc-ofisayin-taratsq-komitasum-198qm--q3db
23/06/2025,12/11/2025,Երևան,Շենգավիթ,40122600,105000,86,0,466541.0,https://www.senyak.am/komercion-taratsq-3-rd-masum-86qm--q2zy
06/10/2025,13/11/2025,Երևան,Կենտրոն,105083000,275000,80,0,1313537.0,https://www.senyak.am/arevtri-taratsq-kentronum-80qm--w6ln
10/05/2025,12/11/2025,Երևան,Մալաթիա Սեբաստիա,75659760,198000,150,0,504398.0,https://www.senyak.am/spasarkman-taratsq-bangladeshum-150qm--qk6y
05/02/2025,12/11/2025,Տավուշ,Դիլիջան,80245200,210000,3000,0,26748.0,https://www.senyak.am/shenq-shinutyun-dilijanum-3000qm--qbnq
13/11/2025,,Երևան,Շենգավիթ,15284800,40000,72,0,212288.0,https://www.senyak.am/ofisayin-taratsq-noragavitum-72qm--w1j4
03/04/2025,13/11/2025,Երևան,Շենգավիթ,պայմանական,negotiable,3000,0,,https://www.senyak.am/komercion-taratsq-charbaxum-3000qm--qpkf
04/02/2025,11/11/2025,Երևան,Կենտրոն,141384400,370000,220,0,642656.0,https://www.senyak.am/norakaruyc-ofisayin-taratsq-kentronum-220qm--qbpo
09/03/2024,11/11/2025,Երևան,Շենգավիթ,649604000,1700000,800,0,812005.0,https://www.senyak.am/prodayu-ofis-800kv-m--nwp
12/04/2025,11/11/2025,Երևան,Շենգավիթ,75659760,198000,122,0,620161.0,https://www.senyak.am/norakaruyc-arevtri-taratsq-3-rd-masum-122qm--qaux
09/03/2024,11/11/2025,Կոտայք,Պռոշյան գյուղ,649604000,1700000,575,0,1129746.0,https://www.senyak.am/norakaruyc-komercion-taratsq-575qm--nwv
07/11/2025,11/11/2025,Երևան,Ավան,101261800,265000,70,0,1446597.0,https://www.senyak.am/arevtri-taratsq-avanum-70qm--w14f
10/11/2025,,Երևան,Արաբկիր,1222784000,3200000,806,0,1517101.0,https://www.senyak.am/norakaruyc-ofisayin-taratsq-arabkirum-806qm--w1iw
25/04/2025,07/11/2025,Երևան,Մալաթիա Սեբաստիա,17195400,45000,23,0,747626.0,https://www.senyak.am/komercion-taratsq-bangladeshum-23qm--qsng
21/01/2025,07/11/2025,Երևան,Շենգավիթ,26748400,70000,50,0,534968.0,https://www.senyak.am/ofisayin-taratsq-3-rd-masum-50qm--qucn
26/03/2025,10/11/2025,Երևան,Շենգավիթ,343908000,900000,1700,0,202298.0,https://www.senyak.am/artadramas-hayreniqum-1700qm--qpgs
04/11/2025,,Երևան,Նուբարաշեն,57318000,150000,600,0,95530.0,https://www.senyak.am/arevtri-taratsq-nubarashenum-600qm--wdjd
16/09/2025,12/11/2025,Արարատ,Մասիս,458544000000,1200000000,5000,0,91708800.0,https://www.senyak.am/norakaruyc-artadramas-masisum-5000qm--wg8o
04/11/2025,,Երևան,Նուբարաշեն,57318000,150000,160,0,358237.0,https://www.senyak.am/artadramas-nubarashenum-160qm--wdjy
21/02/2025,28/10/2025,Երևան,Կենտրոն,191060000,500000,130,0,1469692.0,https://www.senyak.am/norakaruyc-arevtri-taratsq-kentronum-130qm--q51a
03/08/2025,30/10/2025,Երևան,Նոր Նորք,18341760,48000,70,0,262025.0,https://www.senyak.am/spasarkman-taratsq-nor-norqum-70qm--w4mx
10/07/2025,26/10/2025,Արմավիր,Արմավիր,210166000,550000,350,0,600474.0,https://www.senyak.am/arevtri-taratsq-armavirum-350qm--qluh
01/11/2025,,Երևան,Կենտրոն,224304440,587000,150,0,1495362.0,https://www.senyak.am/ofisayin-taratsq-kentronum-150qm--wdi1
21/12/2024,20/10/2025,Արմավիր,Տալվորիկ գյուղ,458544000,1200000,5880,0,77983.0,https://www.senyak.am/artadramas-5880qm--qmzj
29/09/2025,26/10/2025,Երևան,Կենտրոն,66871000,175000,71,0,941845.0,https://www.senyak.am/ofisayin-taratsq-kentronum-71qm--w6cw
28/01/2025,20/10/2025,Արագածոտն,Ագարակավան գյուղ,49675600,130000,283,0,175532.0,https://www.senyak.am/artadramas-283qm--qbwd
21/10/2025,,Երևան,Կենտրոն,103172400,270000,42,0,2456485.0,https://www.senyak.am/ofisayin-taratsq-kentronum-42qm--qrpy
30/10/2025,,Երևան,Կենտրոն,267484000,700000,100,0,2674840.0,https://www.senyak.am/ofisayin-taratsq-kentronum-100qm--wdgq
22/01/2025,07/10/2025,Երևան,Մալաթիա Սեբաստիա,101261800,265000,270,0,375043.0,https://www.senyak.am/komercion-taratsq-bangladeshum-270qm--qubt
08/09/2025,18/10/2025,Երևան,Արաբկիր,141384400,370000,200,0,706922.0,https://www.senyak.am/ofisayin-taratsq-arabkirum-200qm--wwnh
19/06/2025,22/10/2025,Երևան,Մալաթիա Սեբաստիա,103172400,270000,225,0,458544.0,https://www.senyak.am/komercion-taratsq-bangladeshum-225qm--q2xj
31/01/2025,22/10/2025,Երևան,Քանաքեռ Զեյթուն,106993600,280000,70,0,1528480.0,https://www.senyak.am/spasarkman-taratsq-zeytunum-70qm--qby6
17/09/2025,21/10/2025,Երևան,Քանաքեռ Զեյթուն,37065640,97000,58,0,639062.0,https://www.senyak.am/komercion-taratsq-zeytunum-58qm--wgo6
17/10/2025,,Երևան,Աջափնյակ,55407400,145000,54,0,1026062.0,https://www.senyak.am/arevtri-taratsq-ajapnyakum-54qm--wenm
14/10/2025,,Երևան,Շենգավիթ,24073560,63000,30,0,802452.0,https://www.senyak.am/shenq-shinutyun-3-rd-masum-30qm--webi
10/09/2025,21/10/2025,Երևան,Դավթաշեն,687816000,1800000,1200,0,573180.0,https://www.senyak.am/arevtri-taratsq-davtashenum-1200qm--wwl2
27/09/2025,15/10/2025,Երևան,Աջափնյակ,280000000,732754,1360,0,205882.0,https://www.senyak.am/artadramas-ajapnyakum-1360qm--w6dd
05/08/2025,17/10/2025,Երևան,Կենտրոն,37447760,98000,52,0,720149.0,https://www.senyak.am/komercion-taratsq-kentronum-52qm--w40j
22/10/2025,,Կոտայք,Չարենցավան,29805360,78000,43,0,693147.0,https://www.senyak.am/ofisayin-taratsq-charencavanum-43qm--w9f9
21/12/2024,06/10/2025,Երևան,Արաբկիր,305696000,800000,185,0,1652410.0,https://www.senyak.am/ofisayin-taratsq-arabkirum-185qm--qmz4
22/10/2025,,Երևան,Արաբկիր,171954000,450000,280,0,614121.0,https://www.senyak.am/ofisayin-taratsq-monumentum-280qm--w9cu
11/08/2025,29/09/2025,Երևան,Կենտրոն,324802000,850000,165,0,1968496.0,https://www.senyak.am/norakaruyc-ofisayin-taratsq-kentronum-165qm--wqei
23/01/2025,02/10/2025,Երևան,Քանաքեռ Զեյթուն,248378000,650000,181,0,1372254.0,https://www.senyak.am/ofisayin-taratsq-raykomum-181qm--qu51
24/09/2025,02/10/2025,Երևան,Արաբկիր,26748400,70000,42,0,636866.0,https://www.senyak.am/ofisayin-taratsq-raykomum-42qm--wgtz
03/04/2025,02/10/2025,Երևան,Կենտրոն,257931000,675000,240,0,1074712.0,https://www.senyak.am/norakaruyc-ofisayin-taratsq-kentronum-240qm--qpv0
16/09/2025,,Երևան,Կենտրոն,106993600,280000,112,0,955300.0,https://www.senyak.am/ofisayin-taratsq-kentronum-112qm--wg8i
16/07/2025,16/09/2025,Երևան,Կենտրոն,114636000,300000,120,0,955300.0,https://www.senyak.am/ofisayin-taratsq-kentronum-120qm--ql2y
24/12/2023,16/09/2025,Երևան,Կենտրոն,198702400,520000,113,0,1758428.0,https://www.senyak.am/ofisayin-taratsq-kentronum-113qm--a6l
14/06/2025,16/09/2025,Երևան,Կենտրոն,189149400,495000,105,0,1801422.0,https://www.senyak.am/ofisayin-taratsq-kentronum-105qm--q7lx
15/05/2024,16/09/2025,Երևան,Կենտրոն,99351200,260000,80,0,1241890.0,https://www.senyak.am/prodayu-ofis-80kv-m--tue
26/07/2025,16/09/2025,Երևան,Կենտրոն,87887600,230000,82,0,1071800.0,https://www.senyak.am/ofisayin-taratsq-kentronum-82qm--qlur
03/08/2025,16/09/2025,Երևան,Արաբկիր,43943800,115000,75,0,585917.0,https://www.senyak.am/ofisayin-taratsq-arabkirum-75qm--w4m3
08/03/2022,16/09/2025,Երևան,Կենտրոն,133742000,350000,96,0,1393145.0,https://www.senyak.am/ofisayin-taratsq-kentronum-96qm--gq2
28/08/2023,07/10/2025,Երևան,Կենտրոն,115000000,300952,165,0,696969.0,https://www.senyak.am/artadramas-kentronum-165qm--ulb
06/06/2023,16/09/2025,Երևան,Արաբկիր,89798200,235000,68,0,1320561.0,https://www.senyak.am/ofisayin-taratsq-arabkirum-68qm--z1x
18/01/2025,02/10/2025,Երևան,Կենտրոն,103172400,270000,112,0,921182.0,https://www.senyak.am/ofisayin-taratsq-kentronum-112qm--qu1w
04/11/2024,02/10/2025,Երևան,Արաբկիր,126099600,330000,127,0,992910.0,https://www.senyak.am/ofisayin-taratsq-arabkirum-127qm--qyfo
29/09/2025,,Արարատ,Մասիս,17195,44,32500,0,0.0,https://www.senyak.am/artadramas-masisum-32500qm--w6y6
16/09/2025,24/09/2025,Արարատ,Նարեկ գյուղ,95530000,250000,14000,0,6823.0,https://www.senyak.am/komercion-taratsq-14000qm--wgfx
06/03/2024,22/09/2025,Երևան,Արաբկիր,185328200,485000,250,0,741312.0,https://www.senyak.am/norakaruyc-ofisayin-taracq-arabkirum-250qm--k2l
11/10/2025,,Երևան,Կենտրոն,145205600,380000,280,0,518591.0,https://www.senyak.am/spasarkman-taratsq-kentronum-280qm--weyc
06/10/2025,,Երևան,Կենտրոն,300000,785,55,0,5454.0,https://www.senyak.am/arevtri-taratsq-kentronum-55qm--w674
04/11/2024,16/09/2025,Երևան,Կենտրոն,191060000,500000,150,0,1273733.0,https://www.senyak.am/ofisayin-taratsq-kentronum-150qm--qyi3
26/06/2025,26/09/2025,Երևան,Մալաթիա Սեբաստիա,49675600,130000,117,0,424577.0,https://www.senyak.am/komercion-taratsq-malatia-sebastiayum-117qm--q2sd
22/10/2024,22/09/2025,Երևան,Նոր Նորք,267484000,700000,1850,0,144585.0,https://www.senyak.am/spasarkman-taracq-nor-norqum-1850qm--q8v9
09/03/2025,22/09/2025,Երևան,Էրեբունի,23309320,61000,85,0,274227.0,https://www.senyak.am/spasarkman-taratsq-erebunium-85qm--q0a6
16/09/2024,22/09/2025,Երևան,Կենտրոն,47765000,125000,100,0,477650.0,https://www.senyak.am/pahest-kentronum-100qm--q1s9
09/05/2025,03/09/2025,Երևան,Էրեբունի,105083000,275000,103,0,1020223.0,https://www.senyak.am/arevtri-taratsq-areshum-103qm--qkqw
20/09/2025,25/09/2025,Երևան,Շենգավիթ,189149400,495000,150,0,1260996.0,https://www.senyak.am/arevtri-taratsq-hayreniqum-150qm--wgri
07/05/2024,03/09/2025,Երևան,Շենգավիթ,1337420000,3500000,3300,0,405278.0,https://www.senyak.am/spasarkman-taratsq-shengavitum-3300qm--lt6
04/07/2025,26/09/2025,Երևան,Աջափնյակ,59228600,155000,100,0,592286.0,https://www.senyak.am/komercion-taratsq-ajapnyakum-100qm--qlx6
08/02/2025,31/07/2025,Երևան,Աջափնյակ,496756000,1300000,550,0,903192.0,https://www.senyak.am/norakaruyc-arevtri-taratsq-15-kvartalum-550qm--q36w
06/05/2025,23/08/2025,Երևան,Քանաքեռ Զեյթուն,68781600,180000,92,0,747626.0,https://www.senyak.am/spasarkman-taratsq-raykomum-92qm--qvst
12/06/2023,03/08/2025,Երևան,Կենտրոն,40122600,105000,45,0,891613.0,https://www.senyak.am/arevtri-taratsq-kentronum-45qm--zm7
26/07/2023,16/07/2025,Երևան,Կենտրոն,191060000,500000,132,0,1447424.0,https://www.senyak.am/ofisayin-taratsq-kentronum-132qm--jzf
07/09/2025,,Տավուշ,Դիլիջան,420332000,1100000,4000,0,105083.0,https://www.senyak.am/komercion-taratsq-dilijanum-4000qm--wwvh
27/10/2024,16/09/2025,Երևան,Կենտրոն,181889120,476000,340,0,534968.0,https://www.senyak.am/ofisayin-taratsq-kentronum-340qm--qf1t
25/06/2025,21/07/2025,Երևան,Շենգավիթ,147116200,385000,160,0,919476.0,https://www.senyak.am/norakaruyc-arevtri-taratsq-3-rd-masum-160qm--q2rr
11/10/2024,23/08/2025,Երևան,Մալաթիա Սեբաստիա,76424000,200000,100,0,764240.0,https://www.senyak.am/komercion-taratsq-malatia-sebastiayum-100qm--qikq
18/06/2025,24/07/2025,Երևան,Արաբկիր,80245200,210000,117,0,685856.0,https://www.senyak.am/komercion-taratsq-komitasum-117qm--q2d7
03/12/2024,02/09/2025,Երևան,Արաբկիր,248378000,650000,220,0,1128990.0,https://www.senyak.am/komercion-taratsq-arabkirum-220qm--qovg
26/06/2024,16/07/2025,Երևան,Արաբկիր,80245200,210000,82,0,978600.0,https://www.senyak.am/ofisayin-taratsq-monumentum-82qm--qwal
13/09/2024,11/07/2025,Երևան,Կենտրոն,122278400,320000,138,0,886075.0,https://www.senyak.am/komercion-taratsq-malatia-sebastiayum-138qm--q13g
26/06/2025,11/08/2025,Երևան,Արաբկիր,64578280,169000,54,0,1195894.0,https://www.senyak.am/arevtri-taratsq-arabkirum-54qm--q2s8
02/02/2025,14/06/2025,Երևան,Արաբկիր,51586200,135000,103,0,500836.0,https://www.senyak.am/ofisayin-taratsq-arabkirum-103qm--qbjy
16/08/2025,,Արագածոտն,Աշտարակ,49675600,130000,1000,0,49675.0,https://www.senyak.am/komercion-taratsq-ashtarakum-1000qm--wqjh
26/06/2025,02/07/2025,Երևան,Շենգավիթ,27512640,72000,45,0,611392.0,https://www.senyak.am/ofisayin-taratsq-3-rd-masum-45qm--q2al
27/06/2025,02/07/2025,Երևան,Շենգավիթ,573180000,1500000,632,0,906930.0,https://www.senyak.am/norakaruyc-komercion-taratsq-charbaxum-632qm--q2vt
29/06/2025,25/07/2025,Արարատ,Վերին Արտաշատ գյուղ,38212,100,134,0,285.0,https://www.senyak.am/pahest-134qm--q22r
02/07/2025,11/08/2025,Երևան,Աջափնյակ,22162960,58000,38,0,583235.0,https://www.senyak.am/spasarkman-taratsq-15-kvartalum-38qm--qleb
22/02/2025,01/08/2025,Երևան,Աջափնյակ,21016600,55000,37,0,568016.0,https://www.senyak.am/spasarkman-taratsq-ajapnyakum-37qm--q58h
09/07/2025,,Կոտայք,Չարենցավան,33626560,88000,43,0,782013.0,https://www.senyak.am/shenq-shinutyun-charencavanum-43qm--qlju
03/04/2025,11/08/2025,Երևան,Աջափնյակ,38212000,100000,61,0,626426.0,https://www.senyak.am/komercion-taratsq-ajapnyakum-61qm--qpvb
23/05/2025,11/08/2025,Երևան,Կենտրոն,250000,654,30,0,8333.0,https://www.senyak.am/ofisayin-taratsq-kentronum-30qm--qndn
15/02/2025,14/06/2025,Երևան,Կենտրոն,63049800,165000,35,0,1801422.0,https://www.senyak.am/ofisayin-taratsq-kentronum-35qm--q33w
14/07/2022,14/06/2025,Երևան,Կենտրոն,68781600,180000,45,0,1528480.0,https://www.senyak.am/ofisayin-taratsq-kentronum-38qm--ea0
19/08/2025,,Երևան,Կենտրոն,57318000,150000,46,0,1246043.0,https://www.senyak.am/ofisayin-taratsq-kentronum-46qm--wqpy
12/07/2025,,Երևան,Կենտրոն,64960400,170000,65,0,999390.0,https://www.senyak.am/ofisayin-taratsq-kentronum-65qm--ql03
21/06/2025,19/07/2025,Երևան,Շենգավիթ,229272000,600000,150,0,1528480.0,https://www.senyak.am/arevtri-taratsq-hayreniqum-150qm--q2ct
05/04/2024,18/08/2025,Երևան,Շենգավիթ,80245200,210000,145,0,553415.0,https://www.senyak.am/komercion-taratsq-charbaxum-145qm--77t
17/07/2024,30/07/2025,Երևան,Շենգավիթ,45854400,120000,85,0,539463.0,https://www.senyak.am/ofisayin-taracq-3-rd-masum-85qm--q6hl
21/11/2024,07/05/2025,Երևան,Նոր Նորք,764240000,2000000,1300,0,587876.0,https://www.senyak.am/komercion-taratsq-nor-norqum-1300qm--qhm8
23/07/2025,,Տավուշ,Դիլիջան,59228600,155000,150,0,394857.0,https://www.senyak.am/spasarkman-taratsq-dilijanum-150qm--qtje
23/06/2025,,Երևան,Մալաթիա Սեբաստիա,31715960,83000,80,0,396449.0,https://www.senyak.am/norakaruyc-komercion-taratsq-malatia-sebastiayum-80qm--q2u9
09/07/2025,30/07/2025,Երևան,Մալաթիա Սեբաստիա,878876000,2300000,5800,0,151530.0,https://www.senyak.am/spasarkman-taratsq-malatia-sebastiayum-5800qm--qlux
14/05/2025,09/07/2025,Երևան,Արաբկիր,70692200,185000,200,0,353461.0,https://www.senyak.am/ofisayin-taratsq-arabkirum-200qm--qkyi
11/04/2025,09/07/2025,Երևան,Նոր Նորք,49675600,130000,110,0,451596.0,https://www.senyak.am/ofisayin-taratsq-1-in-masivum-110qm--qazr
31/05/2025,,Արարատ,Նորաբաց գյուղ,496756000,1300000,2000,0,248378.0,https://www.senyak.am/shenq-shinutyun-2000qm--qnv0
16/01/2025,22/08/2025,Երևան,Աջափնյակ,38976240,102000,62,0,628649.0,https://www.senyak.am/artadramas-ajapnyakum-62qm--qu47
19/05/2025,09/07/2025,Երևան,Կենտրոն,191060000,500000,240,0,796083.0,https://www.senyak.am/ofisayin-taratsq-kentronum-240qm--qkv9
19/05/2025,09/07/2025,Երևան,Կենտրոն,48911360,128000,40,0,1222784.0,https://www.senyak.am/ofisayin-taratsq-kentronum-40qm--qkvu
10/04/2025,,Երևան,Դավթաշեն,649604000,1700000,1850,0,351137.0,https://www.senyak.am/norakaruyc-komercion-taratsq-davtashenum-1850qm--qaod
15/01/2025,22/08/2025,Երևան,Աջափնյակ,57318000,150000,148,0,387283.0,https://www.senyak.am/arevtri-taratsq-ajapnyakum-148qm--qjl4
15/01/2025,22/08/2025,Երևան,Աջափնյակ,55407400,145000,92,0,602254.0,https://www.senyak.am/ofisayin-taratsq-shinararnerum-92qm--qjlq
19/05/2025,09/07/2025,Երևան,Կենտրոն,60374960,158000,45,0,1341665.0,https://www.senyak.am/ofisayin-taratsq-kentronum-45qm--qkvq
07/03/2025,13/05/2025,Երևան,Մալաթիա Սեբաստիա,1600000,4187,140,0,11428.0,https://www.senyak.am/arevtri-taratsq-bangladeshum-140qm--q08a
22/11/2024,14/05/2025,Երևան,Արաբկիր,1910600000,5000000,6000,0,318433.0,https://www.senyak.am/spasarkman-taratsq-qanaqerum-6000qm--qh0g
18/06/2025,,Երևան,Արաբկիր,129920800,340000,243,0,534653.0,https://www.senyak.am/ofisayin-taratsq-arabkirum-243qm--q2dn
26/05/2025,27/06/2025,Երևան,Նոր Նորք,55407400,145000,102,0,543209.0,https://www.senyak.am/ofisayin-taratsq-2-rd-masivum-102qm--qnyq
02/04/2025,09/07/2025,Երևան,Մալաթիա Սեբաստիա,9553000,25000,17,0,561941.0,https://www.senyak.am/ofisayin-taratsq-bangladeshum-17qm--qppa
04/02/2025,30/07/2025,Գեղարքունիք,Գավառ,19106000,50000,300,0,63686.0,https://www.senyak.am/arevtri-taratsq-gavarum-300qm--qbri
11/10/2024,22/05/2025,Երևան,Կենտրոն,147116200,385000,91,0,1616661.0,https://www.senyak.am/ofisayin-taratsq-kentronum-91qm--qivz
29/07/2025,,Երևան,Քանաքեռ Զեյթուն,10317240,27000,39,0,264544.0,https://www.senyak.am/komercion-taratsq-qanaqer-zeytunum-39qm--qt2p
21/03/2025,25/03/2025,Երևան,Աջափնյակ,87887600,230000,157,0,559793.0,https://www.senyak.am/arevtri-taratsq-ajapnyakum-157qm--qrsy
26/05/2025,09/07/2025,Երևան,Քանաքեռ Զեյթուն,12609960,33000,20,0,630498.0,https://www.senyak.am/ofisayin-taratsq-zeytunum-20qm--qnyd
15/05/2025,09/07/2025,Երևան,Արաբկիր,267484000,700000,350,0,764240.0,https://www.senyak.am/ofisayin-taratsq-arabkirum-350qm--qkzx
07/04/2025,20/04/2025,Երևան,Արաբկիր,1695000,4435,847,0,2001.0,https://www.senyak.am/norakaruyc-ofisayin-taratsq-komitasum-847qm--qaea
22/11/2024,07/05/2025,Կոտայք,Ջրվեժ գյուղ,324802000,850000,1100,0,295274.0,https://www.senyak.am/artadramas-jrvejum-1100qm--qh0e
27/11/2024,19/06/2025,Երևան,Մալաթիա Սեբաստիա,95530000,250000,125,0,764240.0,https://www.senyak.am/norakaruyc-ofisayin-taratsq-malatia-sebastiayum-125qm--qo1s
30/07/2025,,Երևան,Շենգավիթ,32098080,84000,32,0,1003065.0,https://www.senyak.am/arevtri-taratsq-shengavitum-32qm--w4ek
06/06/2025,,Երևան,Մալաթիա Սեբաստիա,38212,100,60,0,636.0,https://www.senyak.am/ofisayin-taratsq-malatia-sebastiayum-60qm--q7ij
25/06/2025,,Երևան,Նոր Նորք,87887600,230000,54,0,1627548.0,https://www.senyak.am/arevtri-taratsq-nor-norqum-54qm--q2r1
15/05/2025,09/07/2025,Երևան,Արաբկիր,87887600,230000,68,0,1292464.0,https://www.senyak.am/ofisayin-taratsq-arabkirum-68qm--qkok
15/05/2025,19/05/2025,Երևան,Մալաթիա Սեբաստիա,45472280,119000,76,0,598319.0,https://www.senyak.am/ofisayin-taratsq-bangladeshum-76qm--qkob
19/05/2025,09/07/2025,Երևան,Կենտրոն,68399480,179000,75,0,911993.0,https://www.senyak.am/ofisayin-taratsq-kentronum-75qm--qkvp
25/07/2024,22/05/2025,Երևան,Արաբկիր,49675600,130000,98,0,506893.0,https://www.senyak.am/ofisayin-taratsq-arabkirum-98qm--q6lk
09/05/2025,,Երևան,Քանաքեռ Զեյթուն,57318000,150000,90,0,636866.0,https://www.senyak.am/komercion-taratsq-zeytunum-90qm--qkgw
12/06/2025,,Լոռի,Վանաձոր,47765000,125000,90,0,530722.0,https://www.senyak.am/ofisayin-taratsq-vanadzorum-90qm--q7av
12/06/2025,,Երևան,Աջափնյակ,59610720,156000,117,0,509493.0,https://www.senyak.am/komercion-taratsq-ajapnyakum-117qm--q7aq
19/04/2025,,Լոռի,Վանաձոր,573180000,1500000,2900,0,197648.0,https://www.senyak.am/norakaruyc-artadramas-vanadzorum-2900qm--qsi9
24/02/2025,05/06/2025,Երևան,Արաբկիր,129920800,340000,180,0,721782.0,https://www.senyak.am/arevtri-taratsq-komitasum-180qm--q5op
07/03/2025,20/03/2025,Կոտայք,Ծաղկաձոր,1146360000,3000000,15000,0,76424.0,https://www.senyak.am/spasarkman-taratsq-tsaxkadzorum-15000qm--q05t
25/06/2025,,Երևան,Արաբկիր,64960400,170000,89,0,729892.0,https://www.senyak.am/ofisayin-taratsq-arabkirum-89qm--q2p1
13/03/2025,18/03/2025,Երևան,Շենգավիթ,917088000,2400000,3600,0,254746.0,https://www.senyak.am/komercion-taratsq-hayreniqum-3600qm--qrwf
26/04/2024,22/05/2025,Արմավիր,Արևիկ գյուղ,57318000,150000,2500,0,22927.0,https://www.senyak.am/artadramas-2500qm--l1u
10/10/2024,13/05/2025,Երևան,Կենտրոն,57318000,150000,64,0,895593.0,https://www.senyak.am/komercion-taratsq-kentronum-64qm--qirs
19/05/2025,,Երևան,Կենտրոն,41268960,108000,60,0,687816.0,https://www.senyak.am/ofisayin-taratsq-kentronum-60qm--qksa
11/03/2025,,Երևան,Կենտրոն,496756000,1300000,750,0,662341.0,https://www.senyak.am/spasarkman-taratsq-kentronum-750qm--q02z
17/04/2025,,Երևան,Կենտրոն,80245200,210000,75,0,1069936.0,https://www.senyak.am/ofisayin-taratsq-kentronum-75qm--qs6g
19/05/2025,,Երևան,Կենտրոն,91326680,239000,62,0,1473010.0,https://www.senyak.am/ofisayin-taratsq-kentronum-62qm--qkv3
30/04/2025,,Երևան,Արաբկիր,63049800,165000,62,0,1016932.0,https://www.senyak.am/ofisayin-taratsq-arabkirum-62qm--qvx4
30/04/2025,06/05/2025,Երևան,Արաբկիր,58464360,153000,70,0,835205.0,https://www.senyak.am/ofisayin-taratsq-arabkirum-70qm--qv13
30/04/2025,06/05/2025,Երևան,Արաբկիր,58464360,153000,45,0,1299208.0,https://www.senyak.am/ofisayin-taratsq-arabkirum-45qm--qvxi
22/04/2025,12/05/2025,Երևան,Նոր Նորք,128621592,336600,300,0,428738.0,https://www.senyak.am/ofisayin-taratsq-nor-norqum-300qm--qshu
30/04/2025,12/05/2025,Երևան,Մալաթիա Սեբաստիա,51586200,135000,100,0,515862.0,https://www.senyak.am/ofisayin-taratsq-bangladeshum-100qm--qv19
26/05/2025,,Երևան,Նոր Նորք,74513400,195000,80,0,931417.0,https://www.senyak.am/ofisayin-taratsq-1-in-masivum-80qm--qnyg
19/05/2025,,Երևան,Շենգավիթ,33244440,87000,44,0,755555.0,https://www.senyak.am/ofisayin-taratsq-3-rd-masum-44qm--qkv4
19/05/2025,,Երևան,Կենտրոն,51433352,134600,40,0,1285833.0,https://www.senyak.am/ofisayin-taratsq-kentronum-40qm--qksk
30/04/2025,06/05/2025,Երևան,Արաբկիր,25984160,68000,48,0,541336.0,https://www.senyak.am/ofisayin-taratsq-komitasum-48qm--qv1f
25/03/2025,,Լոռի,Լերմոնտովո գյուղ,34008680,89000,5680,0,5987.0,https://www.senyak.am/arevtri-taratsq-5680qm--qpgb
22/04/2025,,Երևան,Նոր Նորք,59228600,155000,130,0,455604.0,https://www.senyak.am/ofisayin-taratsq-1-in-masivum-130qm--qsoi
17/04/2025,,Տավուշ,Իջևան,248378000,650000,1000,0,248378.0,https://www.senyak.am/komercion-taratsq-ijevanum-1000qm--qsg9
22/04/2025,,Երևան,Ավան,37447760,98000,96,0,390080.0,https://www.senyak.am/arevtri-taratsq-avanum-96qm--qso6
12/04/2025,,Երևան,Կենտրոն,4967560,13000,1103,0,4503.0,https://www.senyak.am/norakaruyc-komercion-taratsq-rasiayum-1103qm--qauq
14/05/2025,,Երևան,Արաբկիր,97440600,255000,80,0,1218007.0,https://www.senyak.am/arevtri-taratsq-qanaqerum-80qm--qky6
14/05/2025,,Երևան,Արաբկիր,132519216,346800,243,0,545346.0,https://www.senyak.am/ofisayin-taratsq-arabkirum-243qm--qkyw
05/09/2024,26/01/2025,Կոտայք,Գեղադիր գյուղ,126099600,330000,1800,0,70055.0,https://www.senyak.am/spasarkman-taratsq-1800qm--qdlt
11/02/2025,,Երևան,Աջափնյակ,286590000,750000,180,0,1592166.0,https://www.senyak.am/shenq-shinutyun-shinararnerum-180qm--q38z
22/04/2025,12/05/2025,Երևան,Նոր Նորք,76041880,199000,78,0,974895.0,https://www.senyak.am/ofisayin-taratsq-1-in-masivum-78qm--qshn
25/01/2025,27/02/2025,Երևան,Մալաթիա Սեբաստիա,231182600,605000,944,0,244896.0,https://www.senyak.am/komercion-taratsq-bangladeshum-944qm--qunu
21/04/2025,14/06/2025,Երևան,Կենտրոն,152848000,400000,51,0,2997019.0,https://www.senyak.am/arevtri-taratsq-kentronum-51qm--qscq
22/04/2025,,Երևան,Նոր Նորք,27512640,72000,120,0,229272.0,https://www.senyak.am/arevtri-taratsq-nor-norqum-120qm--qshs
21/04/2025,12/05/2025,Երևան,Դավթաշեն,42033200,110000,40,0,1050830.0,https://www.senyak.am/ofisayin-taratsq-davtashenum-40qm--qsy6
20/03/2024,21/03/2025,Երևան,Կենտրոն,106993600,280000,63,0,1698311.0,https://www.senyak.am/spasarkman-taratsq-kentronum-63qm--nky
17/04/2025,,Երևան,Ավան,10164392,26600,15,0,677626.0,https://www.senyak.am/arevtri-taratsq-avanum-15qm--qswi
17/04/2025,,Երևան,Կենտրոն,53496800,140000,100,0,534968.0,https://www.senyak.am/ofisayin-taratsq-kentronum-100qm--qsw4
09/04/2025,,Երևան,Նոր Նորք,28659000,75000,45,0,636866.0,https://www.senyak.am/arevtri-taratsq-4-rd-masivum-45qm--qa8i
26/11/2024,07/05/2025,Երևան,Մալաթիա Սեբաստիա,248378000,650000,1300,0,191060.0,https://www.senyak.am/shenq-shinutyun-leningradyanum-1300qm--qo6b
03/02/2025,,Երևան,Արաբկիր,67635240,177000,62,0,1090890.0,https://www.senyak.am/ofisayin-taratsq-arabkirum-62qm--qbub
03/04/2025,15/04/2025,Երևան,Շենգավիթ,16431160,43000,80,0,205389.0,https://www.senyak.am/ofisayin-taratsq-charbaxum-80qm--qpsa
22/04/2025,,Երևան,Կենտրոն,145205600,380000,60,0,2420093.0,https://www.senyak.am/ofisayin-taratsq-kentronum-60qm--qsou
19/05/2025,,Երևան,Կենտրոն,76424000,200000,150,0,509493.0,https://www.senyak.am/ofisayin-taratsq-kentronum-150qm--qkv5
19/05/2025,,Երևան,Կենտրոն,87887600,230000,77,0,1141397.0,https://www.senyak.am/artadramas-kentronum-77qm--qks2
21/04/2025,12/05/2025,Երևան,Քանաքեռ Զեյթուն,55407400,145000,75,0,738765.0,https://www.senyak.am/ofisayin-taratsq-zeytunum-75qm--qsf0
05/09/2024,26/01/2025,Կոտայք,Գեղադիր գյուղ,305696000,800000,2500,0,122278.0,https://www.senyak.am/norakaruyc-spasarkman-taratsq-25000qm--qdtq
17/04/2025,,Երևան,Կենտրոն,27283368,71400,13,0,2098720.0,https://www.senyak.am/ofisayin-taratsq-kentronum-13qm--qsqb
09/04/2025,,Երևան,Նոր Նորք,18341760,48000,25,0,733670.0,https://www.senyak.am/ofisayin-taratsq-4-rd-masivum-25qm--qa84
09/04/2025,,Երևան,Շենգավիթ,11463600,30000,33,0,347381.0,https://www.senyak.am/ofisayin-taratsq-3-rd-masum-33qm--qaiz
22/04/2025,,Երևան,Նոր Նորք,45090160,118000,90,0,501001.0,https://www.senyak.am/arevtri-taratsq-8-rd-masivum-90qm--qsow
03/04/2025,07/04/2025,Երևան,Արաբկիր,25602040,67000,31,0,825872.0,https://www.senyak.am/ofisayin-taratsq-arabkirum-31qm--qpv6
09/04/2025,14/04/2025,Երևան,Շենգավիթ,37447760,98000,40,0,936194.0,https://www.senyak.am/arevtri-taratsq-3-rd-masum-40qm--qai9
18/04/2025,,Երևան,Կենտրոն,72602800,190000,130,0,558483.0,https://www.senyak.am/ofisayin-taratsq-kentronum-130qm--qsd7
17/04/2025,,Երևան,Ավան,51586200,135000,78,0,661361.0,https://www.senyak.am/ofisayin-taratsq-avanum-78qm--qswk
02/04/2025,15/04/2025,Երևան,Աջափնյակ,19297060,50500,58,0,332707.0,https://www.senyak.am/ofisayin-taratsq-halabyanum-58qm--qprs
22/04/2025,,Երևան,Նոր Նորք,106993600,280000,144,0,743011.0,https://www.senyak.am/arevtri-taratsq-2-rd-masivum-144qm--qsha
03/04/2025,07/04/2025,Երևան,Շենգավիթ,9553000,25000,22,0,434227.0,https://www.senyak.am/ofisayin-taratsq-hayreniqum-22qm--qpvd
02/04/2025,,Երևան,Մալաթիա Սեբաստիա,42033200,110000,60,0,700553.0,https://www.senyak.am/arevtri-taratsq-bangladeshum-60qm--qppm
17/04/2025,,Երևան,Արաբկիր,5922860,15500,18,0,329047.0,https://www.senyak.am/ofisayin-taratsq-monumentum-18qm--qsql
17/04/2025,,Երևան,Կենտրոն,11272540,29500,5,0,2254508.0,https://www.senyak.am/arevtri-taratsq-kentronum-5qm--qsqa
09/04/2025,,Երևան,Շենգավիթ,49675600,130000,45,0,1103902.0,https://www.senyak.am/arevtri-taratsq-hayreniqum-45qm--qai5
08/05/2025,,Երևան,Արաբկիր,122278400,320000,73,0,1675046.0,https://www.senyak.am/arevtri-taratsq-arabkirum-73qm--qvlu
26/03/2025,14/04/2025,Երևան,Աջափնյակ,114636000,300000,71,0,1614591.0,https://www.senyak.am/ofisayin-taratsq-ajapnyakum-71qm--qp6d
22/04/2025,12/05/2025,Երևան,Կենտրոն,210166000,550000,111,0,1893387.0,https://www.senyak.am/ofisayin-taratsq-kentronum-111qm--qsoa
02/04/2025,,Երևան,Աջափնյակ,30569600,80000,85,0,359642.0,https://www.senyak.am/ofisayin-taratsq-15-kvartalum-85qm--qpru
17/04/2025,,Երևան,Աջափնյակ,57318000,150000,148,0,387283.0,https://www.senyak.am/arevtri-taratsq-ajapnyakum-148qm--qsqy
09/04/2025,,Երևան,Արաբկիր,11425388,29900,18,0,634743.0,https://www.senyak.am/arevtri-taratsq-komitasum-18qm--qaxt
15/05/2025,,Երևան,Արաբկիր,49675600,130000,50,0,993512.0,https://www.senyak.am/ofisayin-taratsq-komitasum-50qm--qkzq
15/05/2025,,Երևան,Մալաթիա Սեբաստիա,22927200,60000,20,0,1146360.0,https://www.senyak.am/ofisayin-taratsq-bangladeshum-20qm--qko3
02/04/2025,07/04/2025,Երևան,Մալաթիա Սեբաստիա,48911360,128000,50,0,978227.0,https://www.senyak.am/ofisayin-taratsq-bangladeshum-50qm--qpp4
02/04/2025,07/04/2025,Երևան,Աջափնյակ,18914940,49500,26,0,727497.0,https://www.senyak.am/spasarkman-taratsq-ajapnyakum-26qm--qpr0
04/02/2025,,Երևան,Արաբկիր,4585440,12000,21,0,218354.0,https://www.senyak.am/komercion-taratsq-arabkirum-21qm--qbaq
11/03/2025,,Երևան,Կենտրոն,164311600,430000,38,0,4323989.0,https://www.senyak.am/arevtri-taratsq-rasiayum-38qm--q02v
11/04/2025,,Երևան,Նոր Նորք,33244440,87000,65,0,511452.0,https://www.senyak.am/arevtri-taratsq-5-rd-masivum-65qm--qazk
02/04/2025,,Երևան,Մալաթիա Սեբաստիա,17195400,45000,24,0,716475.0,https://www.senyak.am/ofisayin-taratsq-bangladeshum-24qm--qppi
17/04/2025,,Երևան,Ավան,10317240,27000,20,0,515862.0,https://www.senyak.am/ofisayin-taratsq-avanum-20qm--qswh
09/04/2025,,Երևան,Շենգավիթ,24837800,65000,39,0,636866.0,https://www.senyak.am/artadramas-3-rd-masum-39qm--qaif
02/04/2025,08/04/2025,Երևան,Աջափնյակ,17577520,46000,23,0,764240.0,https://www.senyak.am/ofisayin-taratsq-ajapnyakum-23qm--qprb
11/04/2025,,Երևան,Նոր Նորք,26366280,69000,50,0,527325.0,https://www.senyak.am/artadramas-1-in-masivum-50qm--qaz5
17/04/2025,,Երևան,Կենտրոն,28659000,75000,38,0,754184.0,https://www.senyak.am/norakaruyc-ofisayin-taratsq-kentronum-38qm--qsqv
22/11/2024,14/05/2025,Կոտայք,Ծաղկաձոր,573180000,1500000,500,0,1146360.0,https://www.senyak.am/shenq-shinutyun-tsaxkadzorum-500qm--qh52
10/04/2025,,Երևան,Կենտրոն,496756000,1300000,285,0,1743003.0,https://www.senyak.am/arevtri-taratsq-kentronum-285qm--qayg
11/03/2025,,Երևան,Աջափնյակ,74513400,195000,130,0,573180.0,https://www.senyak.am/norakaruyc-arevtri-taratsq-ajapnyakum-130qm--q02f
09/04/2025,,Երևան,Շենգավիթ,24837800,65000,20,0,1241890.0,https://www.senyak.am/arevtri-taratsq-3-rd-masum-20qm--qaiu
18/09/2024,21/02/2025,Երևան,Դավթաշեն,պայմանական,negotiable,370,0,,https://www.senyak.am/arevtri-taratsq-davtashenum-370qm--q126
25/04/2025,,Երևան,Մալաթիա Սեբաստիա,57318000,150000,41,0,1398000.0,https://www.senyak.am/spasarkman-taratsq-bangladeshum-41qm--qssj
28/03/2024,14/02/2025,Երևան,Կենտրոն,198702400,520000,220,0,903192.0,https://www.senyak.am/spasarkman-taratsq-kentronum-220qm--7hf
03/02/2025,07/02/2025,Երևան,Աջափնյակ,49293480,129000,45,0,1095410.0,https://www.senyak.am/norakaruyc-arevtri-taratsq-15-kvartalum-45qm--qb5y
04/12/2024,09/02/2025,Երևան,Կենտրոն,60374960,158000,160,0,377343.0,https://www.senyak.am/ofisayin-taratsq-kentronum-160qm--qol4
25/10/2024,07/04/2025,Երևան,Արաբկիր,51586200,135000,80,0,644827.0,https://www.senyak.am/spasarkman-taratsq-arabkirum-80qm--qfq5
17/03/2025,,Երևան,Արաբկիր,78334600,205000,208,0,376608.0,https://www.senyak.am/komercion-taratsq-arabkirum-208qm--qr8l
06/03/2025,,Կոտայք,Աբովյան,120000,314,45,0,2666.0,https://www.senyak.am/arevtri-taratsq-abovyanum-45qm--q0ux
27/12/2024,24/01/2025,Երևան,Շենգավիթ,43943800,115000,142,0,309463.0,https://www.senyak.am/ofisayin-taratsq-3-rd-masum-142qm--qjqf
29/01/2025,,Երևան,Արաբկիր,36301400,95000,46,0,789160.0,https://www.senyak.am/spasarkman-taratsq-arabkirum-46qm--qb1d
17/04/2025,,Երևան,Ավան,11845720,31000,18,0,658095.0,https://www.senyak.am/ofisayin-taratsq-avanum-18qm--qsgl
26/11/2024,07/05/2025,Երևան,Շենգավիթ,1222784000,3200000,3700,0,330482.0,https://www.senyak.am/shenq-shinutyun-3-rd-masum-3700qm--qo6e
10/04/2025,22/04/2025,Երևան,Մալաթիա Սեբաստիա,229272000,600000,800,0,286590.0,https://www.senyak.am/arevtri-taratsq-malatia-sebastiayum-800qm--qaoq
26/11/2024,07/05/2025,Երևան,Նոր Նորք,458544000,1200000,900,0,509493.0,https://www.senyak.am/shenq-shinutyun-nor-norqum-900qm--qo6o
04/02/2025,,Կոտայք,Ծաղկաձոր,պայմանական,negotiable,14284,0,,https://www.senyak.am/komercion-taratsq-tsaxkadzorum-14284qm--qbr4
17/04/2025,,Երևան,Ավան,21016600,55000,44,0,477650.0,https://www.senyak.am/ofisayin-taratsq-avanum-44qm--qsw5
07/03/2025,01/04/2025,Երևան,Կենտրոն,248378000,650000,80,0,3104725.0,https://www.senyak.am/ofisayin-taratsq-kentronum-80qm--q032
13/09/2024,05/03/2025,Երևան,Նոր Նորք,84066400,220000,131,0,641728.0,https://www.senyak.am/ofisayin-taratsq-nor-norqum-131qm--q1u7
04/11/2025,16/11/2025,Երևան,Քանաքեռ Զեյթուն,126999875,332356,156,0,814101.0,https://myrealty.am/hy/komercion-taracq-norakaruycum/Sevak+St/Kanaqer-Zeytun/Yerevan/157352
04/11/2025,16/11/2025,Երևան,Քանաքեռ Զեյթուն,148999669,389928,186,0,801073.0,https://myrealty.am/hy/komercion-taracq-norakaruycum/Sevak+St/Kanaqer-Zeytun/Yerevan/157345
04/11/2025,16/11/2025,Երևան,Քանաքեռ Զեյթուն,48999630,128231,70,0,699994.0,https://myrealty.am/hy/komercion-taracq-norakaruycum/Sevak+St/Kanaqer-Zeytun/Yerevan/157299
04/11/2025,16/11/2025,Երևան,Քանաքեռ Զեյթուն,226999914,594053,281,0,807828.0,https://myrealty.am/hy/komercion-taracq/Sevak+St/Kanaqer-Zeytun/Yerevan/157340
04/11/2025,14/11/2025,Երևան,Քանաքեռ Զեյթուն,48979377,128177,69,0,709846.0,https://myrealty.am/hy/komercion-taracq-norakaruycum/Sevak+St/Kanaqer-Zeytun/Yerevan/157323
18/10/2025,16/11/2025,Երևան,Մալաթիա Սեբաստիա,133742000,350000,66,0,2026393.0,https://myrealty.am/hy/komercion-taracq-norakaruycum/Hovnatan+St/Malatia-Sebastia/Yerevan/157401
04/11/2025,16/11/2025,Երևան,Քանաքեռ Զեյթուն,136999955,358525,170,0,805882.0,https://myrealty.am/hy/komercion-taracq/Sevak+St/Kanaqer-Zeytun/Yerevan/157348
04/11/2025,16/11/2025,Երևան,Քանաքեռ Զեյթուն,98999650,259080,142,0,697180.0,https://myrealty.am/hy/komercion-taracq/Sevak+St/Kanaqer-Zeytun/Yerevan/157317
04/11/2025,14/11/2025,Երևան,Քանաքեռ Զեյթուն,178925015,468242,223,0,802354.0,https://myrealty.am/hy/komercion-taracq-norakaruycum/Sevak+St/Kanaqer-Zeytun/Yerevan/157336
04/11/2025,14/11/2025,Երևան,Քանաքեռ Զեյթուն,48979377,128177,56,0,874631.0,https://myrealty.am/hy/komercion-taracq/Sevak+St/Kanaqer-Zeytun/Yerevan/157592
04/11/2025,16/11/2025,Երևան,Քանաքեռ Զեյթուն,242999661,635925,303,0,801979.0,https://myrealty.am/hy/komercion-taracq/Sevak+St/Kanaqer-Zeytun/Yerevan/157343
04/11/2025,14/11/2025,Երևան,Քանաքեռ Զեյթուն,82965130,217117,118,0,703094.0,https://myrealty.am/hy/komercion-taracq-norakaruycum/Sevak+St/Kanaqer-Zeytun/Yerevan/157599
04/11/2025,14/11/2025,Երևան,Քանաքեռ Զեյթուն,46980126,122946,64,0,734064.0,https://myrealty.am/hy/komercion-taracq-norakaruycum/Sevak+St/Kanaqer-Zeytun/Yerevan/157595
07/10/2025,07/10/2025,Երևան,Կենտրոն,133742000,350000,114,0,1173175.0,https://myrealty.am/hy/komercion-taracq/Charents+St/Center/Yerevan/156915
31/10/2025,11/11/2025,Երևան,Կենտրոն,4585440,12000,209,0,21939.0,https://myrealty.am/hy/vardzov-komercion-taracq/Saryan+St/Center/Yerevan/157535
04/03/2025,07/11/2025,Երևան,Արաբկիր,240735600,630000,200,0,1203678.0,https://myrealty.am/hy/komercion-taracq/Komitas+Ave/Arabkir/Yerevan/157407
28/08/2024,06/11/2025,Երևան,Արաբկիր,185328200,485000,220,0,842400.0,https://myrealty.am/hy/komercion-taracq/Adonts+St/Arabkir/Yerevan/152699
04/11/2025,14/11/2025,Երևան,Քանաքեռ Զեյթուն,47979751,125561,67,0,716115.0,https://myrealty.am/hy/komercion-taracq-norakaruycum/Sevak+St/Kanaqer-Zeytun/Yerevan/157313
06/03/2025,06/11/2025,Երևան,Արաբկիր,34390800,90000,55,0,625287.0,https://myrealty.am/hy/komercion-taracq/Komitas+Ave/Arabkir/Yerevan/154904
28/01/2025,06/11/2025,Երևան,Արաբկիր,210166000,550000,93,0,2259849.0,https://myrealty.am/hy/komercion-taracq/Hr.Kochar+St/Arabkir/Yerevan/154529
12/05/2025,06/11/2025,Երևան,Աջափնյակ,267484000,700000,373,0,717115.0,https://myrealty.am/hy/komercion-taracq-norakaruycum/Hasratyan+st./Ajapnyak/Yerevan/155404
14/02/2024,06/11/2025,Երևան,Արաբկիր,137563200,360000,85,0,1618390.0,https://myrealty.am/hy/komercion-taracq/Kievyan+St/Arabkir/Yerevan/144884
23/12/2024,07/11/2025,Երևան,Կենտրոն,133742000,350000,61,0,2192491.0,https://myrealty.am/hy/komercion-taracq/Tumanyan+St/Center/Yerevan/157384
23/07/2025,07/11/2025,Երևան,Կենտրոն,286590000,750000,93,0,3081612.0,https://myrealty.am/hy/komercion-taracq-norakaruycum/Leo+St/Center/Yerevan/156006
15/01/2025,06/11/2025,Երևան,Արաբկիր,101261800,265000,65,0,1557873.0,https://myrealty.am/hy/komercion-taracq/Hr.Kochar+St/Arabkir/Yerevan/154342
12/11/2025,12/11/2025,Կոտայք,Գառնի,611392000,1600000,1,0,611392000.0,https://myrealty.am/hy/komercion-taracq-norakaruycum/Garni/Garni/Kotayk/157575
04/11/2025,14/11/2025,Երևան,Քանաքեռ Զեյթուն,87962878,230197,125,0,703703.0,https://myrealty.am/hy/komercion-taracq-norakaruycum/Sevak+St/Kanaqer-Zeytun/Yerevan/157315
15/02/2024,06/11/2025,Երևան,Արաբկիր,221629600,580000,180,0,1231275.0,https://myrealty.am/hy/komercion-taracq/Komitas+Ave/Arabkir/Yerevan/144951
24/01/2025,06/11/2025,Երևան,Արաբկիր,128010200,335000,98,0,1306226.0,https://myrealty.am/hy/komercion-taracq/Kievyan+St/Arabkir/Yerevan/154492
29/05/2025,06/11/2025,Երևան,Կենտրոն,573180000,1500000,130,0,4409076.0,https://myrealty.am/hy/komercion-taracq/Pushkin+St/Center/Yerevan/155495
22/10/2025,22/10/2025,Կոտայք,Ծաղկաձոր,143295000,375000,270,0,530722.0,https://myrealty.am/hy/komercion-taracq/Tsaghkadzor/Tsaghkadzor/Kotayk/157037
09/12/2024,06/10/2025,Երևան,Դավթաշեն,179596400,470000,256,0,701548.0,https://myrealty.am/hy/komercion-taracq/Davtashen+6+St/Davtashen/Yerevan/153980
11/02/2025,29/08/2025,Երևան,Կենտրոն,191060000,500000,160,0,1194125.0,https://myrealty.am/hy/komercion-taracq-norakaruycum/Leo+St/Center/Yerevan/154654
17/01/2025,23/10/2025,Երևան,Կենտրոն,114253880,299000,100,0,1142538.0,https://myrealty.am/hy/komercion-taracq/Nalbandyan+St/Center/Yerevan/154392
28/10/2024,25/09/2025,Երևան,Կենտրոն,118457200,310000,73,0,1622701.0,https://myrealty.am/hy/komercion-taracq/Teryan+St/Center/Yerevan/153525
15/04/2023,09/07/2025,Երևան,Արաբկիր,114636000,300000,150,0,764240.0,https://myrealty.am/hy/komercion-taracq/Azatutyan+Ave/Arabkir/Yerevan/132524
05/04/2024,22/07/2025,Երևան,Շենգավիթ,80245200,210000,145,0,553415.0,https://myrealty.am/hy/komercion-taracq/Artashisyan+St/Shengavit/Yerevan/147458
11/04/2024,30/10/2025,Երևան,Կենտրոն,219719000,575000,125,0,1757752.0,https://myrealty.am/hy/komercion-taracq/Vardanants+St/Center/Yerevan/147724
18/10/2025,18/10/2025,Երևան,Արաբկիր,171954000,450000,280,0,614121.0,https://myrealty.am/hy/komercion-taracq/Azatutyan+Ave/Arabkir/Yerevan/157011
22/10/2025,22/10/2025,Երևան,Արաբկիր,55261430,144617,79,0,699511.0,https://myrealty.am/hy/komercion-taracq-norakaruycum/Sevqareci+Saqo+St/Arabkir/Yerevan/157051
24/09/2025,25/09/2025,Երևան,Մալաթիա Սեբաստիա,78334600,205000,81,0,967093.0,https://myrealty.am/hy/komercion-taracq-norakaruycum/M%E2%80%A4+Melqonyan+str/Malatia-Sebastia/Yerevan/156768
24/09/2025,24/09/2025,Երևան,Արաբկիր,26748400,70000,42,0,636866.0,https://myrealty.am/hy/komercion-taracq/Tolbughin+St/Arabkir/Yerevan/156764
25/06/2022,01/08/2025,Երևան,Կենտրոն,210166000,550000,104,0,2020826.0,https://myrealty.am/hy/komercion-taracq/Vardanants+St/Center/Yerevan/123078
17/06/2022,09/07/2025,Երևան,Կենտրոն,152848000,400000,44,0,3473818.0,https://myrealty.am/hy/komercion-taracq/Amiryan+St/Center/Yerevan/122690
29/10/2025,29/10/2025,Երևան,Մալաթիա Սեբաստիա,133742000,350000,105,0,1273733.0,https://myrealty.am/hy/komercion-taracq-norakaruycum/Hovnatan+St/Malatia-Sebastia/Yerevan/157104
01/12/2023,09/07/2025,Երևան,Արաբկիր,150937400,395000,100,0,1509374.0,https://myrealty.am/hy/komercion-taracq/Kievyan+St/Arabkir/Yerevan/142697
11/02/2025,28/07/2025,Երևան,Կենտրոն,95530000,250000,39,0,2449487.0,https://myrealty.am/hy/komercion-taracq/Abovyan+St/Center/Yerevan/154657
21/01/2023,09/07/2025,Երևան,Կենտրոն,114636000,300000,80,0,1432950.0,https://myrealty.am/hy/komercion-taracq/Hanrapetutyan+St/Center/Yerevan/128441
22/08/2022,15/10/2025,Երևան,Արաբկիր,185328200,485000,191,0,970304.0,https://myrealty.am/hy/komercion-taracq/Komitas+Ave/Arabkir/Yerevan/124793
01/12/2022,09/07/2025,Երևան,Կենտրոն,236914400,620000,150,0,1579429.0,https://myrealty.am/hy/komercion-taracq/Heratsi+St/Center/Yerevan/127324
22/06/2022,09/07/2025,Երևան,Կենտրոն,57318000,150000,78,0,734846.0,https://myrealty.am/hy/komercion-taracq/Tigran+Mets+Ave/Center/Yerevan/122891
29/03/2024,09/07/2025,Երևան,Կենտրոն,128010200,335000,82,0,1561100.0,https://myrealty.am/hy/komercion-taracq/Ghazar+Parpetsi+St/Center/Yerevan/147137
13/01/2025,25/08/2025,Երևան,Կենտրոն,126099600,330000,43,0,2932548.0,https://myrealty.am/hy/komercion-taracq/Saryan+St/Center/Yerevan/154287
28/10/2025,28/10/2025,Երևան,Կենտրոն,103172400,270000,75,0,1375632.0,https://myrealty.am/hy/komercion-taracq/Antarayin+St/Center/Yerevan/157097
02/09/2024,22/09/2025,Երևան,Արաբկիր,351550400,920000,600,0,585917.0,https://myrealty.am/hy/komercion-taracq/Kievyan+St/Arabkir/Yerevan/152783
24/09/2025,25/09/2025,Երևան,Մալաթիա Սեբաստիա,59228600,155000,62,0,955300.0,https://myrealty.am/hy/komercion-taracq-norakaruycum/M%E2%80%A4+Melqonyan+str/Malatia-Sebastia/Yerevan/156769
23/07/2025,23/07/2025,Երևան,Կենտրոն,160490400,420000,240,0,668710.0,https://myrealty.am/hy/komercion-taracq/E.+Qochar+St/Center/Yerevan/156000
18/11/2024,09/07/2025,Երևան,Կենտրոն,106993600,280000,120,0,891613.0,https://myrealty.am/hy/komercion-taracq/Pushkin+St/Center/Yerevan/153825
12/06/2025,12/06/2025,Երևան,Կենտրոն,372567000,975000,102,0,3652617.0,https://myrealty.am/hy/komercion-taracq/Teryan+St/Center/Yerevan/155611
21/09/2022,04/06/2025,Երևան,Կենտրոն,764240000,2000000,180,0,4245777.0,https://myrealty.am/hy/komercion-taracq/Mashtots+Ave/Center/Yerevan/128205
04/07/2025,04/07/2025,Երևան,Արաբկիր,897982000,2350000,1171,0,766850.0,https://myrealty.am/hy/komercion-taracq/Kievyan+2+alley/Arabkir/Yerevan/155875
24/06/2022,09/07/2025,Երևան,Կենտրոն,229272000,600000,226,0,1014477.0,https://myrealty.am/hy/komercion-taracq/Bayron+St/Center/Yerevan/123048
26/05/2023,09/07/2025,Երևան,Կենտրոն,59228600,155000,73,0,811350.0,https://myrealty.am/hy/komercion-taracq/Tigran+Mets+Ave/Center/Yerevan/134819
30/08/2022,09/07/2025,Երևան,Կենտրոն,160490400,420000,118,0,1360088.0,https://myrealty.am/hy/komercion-taracq/Vardanants+St/Center/Yerevan/124979
21/05/2024,26/06/2025,Երևան,Աջափնյակ,202523600,530000,560,0,361649.0,https://myrealty.am/hy/komercion-taracq-norakaruycum/Fuchik+St/Ajapnyak/Yerevan/149793
10/08/2023,09/07/2025,Երևան,Արաբկիր,215897800,565000,168,0,1285105.0,https://myrealty.am/hy/komercion-taracq/Baghramyan+av%28Arabkir%29/Arabkir/Yerevan/138623
04/10/2022,09/07/2025,Երևան,Կենտրոն,183417600,480000,241,0,761068.0,https://myrealty.am/hy/komercion-taracq/G.Lusavorich+St/Center/Yerevan/125703
03/06/2024,09/07/2025,Երևան,Կենտրոն,247747884,648350,83,0,2984914.0,https://myrealty.am/hy/komercion-taracq/Nalbandyan+St/Center/Yerevan/150338
20/05/2025,09/07/2025,Երևան,Կենտրոն,531146800,1390000,480,0,1106555.0,https://myrealty.am/hy/komercion-taracq/Baghramyan+Ave+%28Kentron%29/Center/Yerevan/155434
17/06/2022,09/07/2025,Երևան,Արաբկիր,213605080,559000,185,0,1154622.0,https://myrealty.am/hy/komercion-taracq/V.Vagharshyan+St/Arabkir/Yerevan/122694
10/06/2022,09/07/2025,Երևան,Արաբկիր,313338400,820000,275,0,1139412.0,https://myrealty.am/hy/komercion-taracq/Baghramyan+av%28Arabkir%29/Arabkir/Yerevan/122447
27/09/2024,04/06/2025,Երևան,Նոր Նորք,573180000,1500000,2000,0,286590.0,https://myrealty.am/hy/komercion-taracq/Davit+Bek/Nor-Nork/Yerevan/153161
10/08/2023,09/07/2025,Երևան,Կենտրոն,363014000,950000,204,0,1779480.0,https://myrealty.am/hy/komercion-taracq/Koryun+St/Center/Yerevan/138602
16/08/2023,09/07/2025,Երևան,Արաբկիր,97440600,255000,70,0,1392008.0,https://myrealty.am/hy/komercion-taracq/Baghramyan+av%28Arabkir%29/Arabkir/Yerevan/138836
08/03/2025,25/06/2025,Երևան,Կենտրոն,122278400,320000,40,0,3056960.0,https://myrealty.am/hy/komercion-taracq-norakaruycum/Aram+St/Center/Yerevan/154927
03/12/2024,04/06/2025,Կոտայք,Գեղադիր,840664000,2200000,1000,0,840664.0,https://myrealty.am/hy/komercion-taracq/Village+of+Geghadir%09%09%09%09%09%09%09%09%09%09%09%09/Gexadir/Kotayk/153927
02/06/2025,02/06/2025,Կոտայք,Գառնի,611392000,1600000,700,0,873417.0,https://myrealty.am/hy/komercion-taracq-norakaruycum/Garni/Garni/Kotayk/155555
27/01/2023,09/07/2025,Երևան,Մալաթիա Սեբաստիա,382120000,1000000,514,0,743424.0,https://myrealty.am/hy/komercion-taracq/Z.Andranik+St/Malatia-Sebastia/Yerevan/128593
24/06/2022,09/07/2025,Երևան,Կենտրոն,152848000,400000,86,0,1777302.0,https://myrealty.am/hy/komercion-taracq/Nalbandyan+St/Center/Yerevan/123029
17/06/2022,09/07/2025,Երևան,Նոր Նորք,248378000,650000,826,0,300699.0,https://myrealty.am/hy/komercion-taracq/Bagrevand+district/Nor-Nork/Yerevan/122652
27/01/2024,04/06/2025,Երևան,Կենտրոն,515862000,1350000,458,0,1126336.0,https://myrealty.am/hy/komercion-taracq-norakaruycum/Teryan+St/Center/Yerevan/144110
20/06/2023,09/07/2025,Երևան,Կենտրոն,171954000,450000,140,0,1228242.0,https://myrealty.am/hy/komercion-taracq/Moskovyan+St/Center/Yerevan/136030
04/11/2022,09/07/2025,Երևան,Դավթաշեն,687816000,1800000,1200,0,573180.0,https://myrealty.am/hy/komercion-taracq/Davtashen+4+district/Davtashen/Yerevan/126397
26/12/2023,09/07/2025,Երևան,Կենտրոն,40122600,105000,47,0,853672.0,https://myrealty.am/hy/komercion-taracq-norakaruycum/Argishti+St/Center/Yerevan/143332
16/06/2022,09/07/2025,Երևան,Կենտրոն,317159600,830000,120,0,2642996.0,https://myrealty.am/hy/komercion-taracq/Nalbandyan+St/Center/Yerevan/122595
10/08/2023,09/07/2025,Երևան,Կենտրոն,133742000,350000,100,0,1337420.0,https://myrealty.am/hy/komercion-taracq/Hanrapetutyan+St/Center/Yerevan/138603
20/03/2025,04/06/2025,Կոտայք,Գառնի,458544000,1200000,830,0,552462.0,https://myrealty.am/hy/komercion-taracq/Garni/Garni/Kotayk/155033
09/03/2025,11/03/2025,Երևան,Կենտրոն,72602800,190000,45,0,1613395.0,https://myrealty.am/hy/komercion-taracq/Sayat-Nova+Ave/Center/Yerevan/154930
17/06/2022,09/07/2025,Լոռի,Ստեփանավան,49675600,130000,381,0,130382.0,https://myrealty.am/hy/komercion-taracq/Stepanavan/Stepanavan/Lori/122660
19/12/2023,23/06/2025,Երևան,Արաբկիր,133742000,350000,231,0,578969.0,https://myrealty.am/hy/komercion-taracq-norakaruycum/Komitas+Ave/Arabkir/Yerevan/143201
10/12/2024,13/12/2024,Գեղարքունիք,Սևան,82953667,217088,317,0,261683.0,https://myrealty.am/hy/komercion-taracq/Sevan/Sevan/Gegharkunik/153989
05/02/2025,05/02/2025,Երևան,Էրեբունի,305696000,800000,375,0,815189.0,https://myrealty.am/hy/komercion-taracq-norakaruycum/Rostovyan+St/Erebuni/Yerevan/154611
20/12/2024,22/12/2024,Երևան,Կենտրոն,305696000,800000,185,0,1652410.0,https://myrealty.am/hy/komercion-taracq/Baghramyan+Ave+%28Kentron%29/Center/Yerevan/154086
23/01/2025,23/01/2025,Երևան,Նոր Նորք,160490400,420000,80,0,2006130.0,https://myrealty.am/hy/komercion-taracq-norakaruycum/Galshoyan+St/Nor-Nork/Yerevan/154474
28/04/2025,28/04/2025,Երևան,Արաբկիր,175775200,460000,202,0,870174.0,https://myrealty.am/hy/komercion-taracq/Hambardzumyan+St/Arabkir/Yerevan/155322
16/12/2024,16/12/2024,Երևան,Կենտրոն,210166000,550000,170,0,1236270.0,https://myrealty.am/hy/komercion-taracq-norakaruycum/Aygestan+2+St/Center/Yerevan/154051
26/12/2024,26/12/2024,Երևան,Կենտրոն,324802000,850000,100,0,3248020.0,https://myrealty.am/hy/komercion-taracq/Mashtots+Ave/Center/Yerevan/154136
01/05/2025,01/05/2025,Երևան,Արաբկիր,32862320,86000,55,0,597496.0,https://myrealty.am/hy/komercion-taracq/Orbeli+Yeghbayrner+++St/Arabkir/Yerevan/155340
09/10/2021,19/12/2024,Երևան,Կենտրոն,95530000,250000,97,0,984845.0,https://myrealty.am/hy/komercion-taracq/Hanrapetutyan+St/Center/Yerevan/115283
21/01/2025,21/01/2025,Երևան,Կենտրոն,87887600,230000,77,0,1141397.0,https://myrealty.am/hy/komercion-taracq-norakaruycum//Center/Yerevan/154437
23/01/2025,17/03/2025,Երևան,Նոր Նորք,152848000,400000,203,0,752945.0,https://myrealty.am/hy/komercion-taracq-norakaruycum/Galshoyan+St/Nor-Nork/Yerevan/154475
05/05/2025,05/05/2025,Երևան,Արաբկիր,202523600,530000,106,0,1910600.0,https://myrealty.am/hy/komercion-taracq/Komitas+Ave/Arabkir/Yerevan/155363
25/02/2024,20/11/2024,Կոտայք,Աբովյան,95530000,250000,4168,0,22919.0,https://myrealty.am/hy/komercion-taracq/Ardyunaberakan+dis/Abovyan/Kotayk/145343
15/01/2025,16/01/2025,Երևան,Կենտրոն,152465880,399000,100,0,1524658.0,https://myrealty.am/hy/komercion-taracq/Abovyan+St/Center/Yerevan/154339
02/06/2025,02/06/2025,Երևան,Քանաքեռ Զեյթուն,504398400,1320000,575,0,877214.0,https://myrealty.am/hy/komercion-taracq/Davit+Anhaxt+St/Kanaqer-Zeytun/Yerevan/155552
12/08/2024,12/08/2024,Երևան,Կենտրոն,420332000,1100000,110,0,3821200.0,https://myrealty.am/hy/komercion-taracq-norakaruycum/Aram+St/Center/Yerevan/152473
18/01/2024,27/06/2024,Երևան,Կենտրոն,114636000,300000,80,0,1432950.0,https://myrealty.am/hy/komercion-taracq/Paronyan+St/Center/Yerevan/143786
18/01/2024,27/06/2024,Երևան,Կենտրոն,168132800,440000,91,0,1847613.0,https://myrealty.am/hy/komercion-taracq/Zakyan+St/Center/Yerevan/143784
15/07/2024,15/07/2024,Երևան,Կենտրոն,259841600,680000,175,0,1484809.0,https://myrealty.am/hy/komercion-taracq/Baghramyan+Ave+%28Kentron%29/Center/Yerevan/151858
17/09/2024,19/09/2024,Երևան,Մալաթիա Սեբաստիա,470007600,1230000,1123,0,418528.0,https://myrealty.am/hy/komercion-taracq/Z.Andranik+St/Malatia-Sebastia/Yerevan/152994
24/09/2023,18/07/2024,Երևան,Կենտրոն,649604000,1700000,380,0,1709484.0,https://myrealty.am/hy/komercion-taracq-norakaruycum/G.Lusavorich+St/Center/Yerevan/146969
07/05/2024,30/06/2024,Երևան,Դավթաշեն,43943800,115000,40,0,1098595.0,https://myrealty.am/hy/komercion-taracq-norakaruycum/Mikoyan+St/Davtashen/Yerevan/149036
06/08/2024,06/08/2024,Երևան,Կենտրոն,53496800,140000,50,0,1069936.0,https://myrealty.am/hy/komercion-taracq/Sayat-Nova+Ave/Center/Yerevan/152373
09/04/2024,18/07/2024,Երևան,Կենտրոն,343908000,900000,196,0,1754632.0,https://myrealty.am/hy/komercion-taracq/M.Khorenatsi+St/Center/Yerevan/147632
21/02/2023,18/07/2024,Երևան,Արաբկիր,764240000,2000000,700,0,1091771.0,https://myrealty.am/hy/komercion-taracq/Kievyan+2+alley/Arabkir/Yerevan/133704
04/06/2024,01/10/2024,Երևան,Կենտրոն,1528480000,4000000,600,0,2547466.0,https://myrealty.am/hy/komercion-taracq-norakaruycum/Teryan+St/Center/Yerevan/150458
12/11/2024,12/11/2024,Երևան,Կենտրոն,343908000,900000,150,0,2292720.0,https://myrealty.am/hy/komercion-taracq/Sayat-Nova+Ave/Center/Yerevan/153774
03/09/2024,03/09/2024,Տավուշ,Դիլիջան,114636000,300000,236,0,485745.0,https://myrealty.am/hy/komercion-taracq/Dilidjan/Dilijan/Tavush/152800
26/06/2024,26/06/2024,Երևան,Կենտրոն,128010200,335000,95,0,1347475.0,https://myrealty.am/hy/komercion-taracq/Paronyan+St/Center/Yerevan/151454
27/03/2024,30/10/2024,Երևան,Էրեբունի,99351200,260000,203,0,489414.0,https://myrealty.am/hy/komercion-taracq/Glinkayi+St/Erebuni/Yerevan/146987
18/01/2024,27/06/2024,Երևան,Կենտրոն,649604000,1700000,195,0,3331302.0,https://myrealty.am/hy/komercion-taracq-norakaruycum/Paronyan+St/Center/Yerevan/143787
18/01/2024,27/06/2024,Երևան,Կենտրոն,993512000,2600000,500,0,1987024.0,https://myrealty.am/hy/komercion-taracq/Abovyan+St/Center/Yerevan/143788
18/01/2024,27/06/2024,Երևան,Կենտրոն,133742000,350000,100,0,1337420.0,https://myrealty.am/hy/komercion-taracq-norakaruycum/Chaykovski+St/Center/Yerevan/143775
25/12/2022,30/08/2024,Երևան,Կենտրոն,336265600,880000,194,0,1733327.0,https://myrealty.am/hy/komercion-taracq/Zakyan+St/Center/Yerevan/128002
18/01/2024,27/06/2024,Երևան,Կենտրոն,534968000,1400000,400,0,1337420.0,https://myrealty.am/hy/komercion-taracq/Melik+Adamyan+St/Center/Yerevan/143781
22/05/2024,19/07/2024,Երևան,Կենտրոն,114636000,300000,213,0,538197.0,https://myrealty.am/hy/komercion-taracq/Arshakunyats+Ave/Center/Yerevan/149846
22/02/2023,18/07/2024,Երևան,Կենտրոն,382120000,1000000,200,0,1910600.0,https://myrealty.am/hy/komercion-taracq/Heratsi+St/Center/Yerevan/129648
30/10/2022,07/11/2024,Երևան,Կենտրոն,1069936000,2800000,365,0,2931331.0,https://myrealty.am/hy/komercion-taracq/Isahakyan+St/Center/Yerevan/126210
10/07/2024,22/07/2024,Երևան,Արաբկիր,248378000,650000,273,0,909809.0,https://myrealty.am/hy/komercion-taracq/Azatutyan+Ave/Arabkir/Yerevan/151726
15/05/2024,31/10/2024,Երևան,Կենտրոն,179596400,470000,46,0,3904269.0,https://myrealty.am/hy/komercion-taracq-norakaruycum/Aram+St/Center/Yerevan/149448
09/09/2024,09/09/2024,Երևան,Կենտրոն,458544000,1200000,254,0,1805291.0,https://myrealty.am/hy/komercion-taracq-norakaruycum/Leo+St/Center/Yerevan/152887
29/03/2023,18/07/2024,Երևան,Կենտրոն,275126400,720000,100,0,2751264.0,https://myrealty.am/hy/komercion-taracq/Tigran+Mets+Ave/Center/Yerevan/131655
25/05/2024,28/06/2024,Երևան,Արաբկիր,114636000,300000,79,0,1451088.0,https://myrealty.am/hy/komercion-taracq/Kasyan+St/Arabkir/Yerevan/150002
18/01/2024,27/06/2024,Երևան,Կենտրոն,496756000,1300000,171,0,2905005.0,https://myrealty.am/hy/komercion-taracq/Tpagrichner+St/Center/Yerevan/143785
14/11/2025,14/11/2025,Երևան,Նորք Մարաշ,պայմանական,negotiable,400,0,,https://myrealty.am/hy/komercion-taracq/Norq+Ayginer+St/Nork-Marash/Yerevan/157631
07/05/2024,15/06/2024,Երևան,Արաբկիր,204434200,535000,300,0,681447.0,https://myrealty.am/hy/komercion-taracq-norakaruycum/Riga+St/Arabkir/Yerevan/149023
07/05/2024,15/06/2024,Երևան,Կենտրոն,1222784000,3200000,300,0,4075946.0,https://myrealty.am/hy/komercion-taracq/Sayat-Nova+Ave/Center/Yerevan/149030
12/09/2024,12/09/2024,Երևան,Արաբկիր,պայմանական,negotiable,500,0,,https://myrealty.am/hy/komercion-taracq/Babayan+St/Arabkir/Yerevan/152953
20/09/2023,31/05/2024,Երևան,Կենտրոն,993512000,2600000,327,0,3038262.0,https://myrealty.am/hy/komercion-taracq-norakaruycum/Sayat-Nova+Ave/Center/Yerevan/140864
13/07/2020,09/06/2024,Երևան,Կենտրոն,764240000,2000000,99,0,7719595.0,https://myrealty.am/hy/komercion-taracq/Abovyan+St/Center/Yerevan/100112
03/02/2021,19/06/2024,Երևան,Շենգավիթ,267484000,700000,1700,0,157343.0,https://myrealty.am/hy/komercion-taracq/Sharur+St/Shengavit/Yerevan/106910
04/05/2024,15/06/2024,Երևան,Արաբկիր,99351200,260000,68,0,1461047.0,https://myrealty.am/hy/komercion-taracq/Hr.Kochar+St/Arabkir/Yerevan/148853
02/08/2022,09/07/2025,Երևան,Նոր Նորք,պայմանական,negotiable,534,0,,https://myrealty.am/hy/komercion-taracq/Norq+4+p/Nor-Nork/Yerevan/124406
22/01/2021,09/06/2024,Երևան,Կենտրոն,229272000,600000,150,0,1528480.0,https://myrealty.am/hy/komercion-taracq/Tumanyan+St/Center/Yerevan/106580
29/03/2025,29/03/2025,Երևան,Աջափնյակ,պայմանական,negotiable,125,0,,https://myrealty.am/hy/komercion-taracq/Halabyan+St/Ajapnyak/Yerevan/155116
13/06/2024,13/06/2024,Երևան,Քանաքեռ Զեյթուն,171954000,450000,320,0,537356.0,https://myrealty.am/hy/komercion-taracq/Tbilisian+hightway+%28Qanaqer-Zeytun%29/Kanaqer-Zeytun/Yerevan/150931
23/09/2024,17/02/2025,Երևան,Արաբկիր,պայմանական,negotiable,700,0,,https://myrealty.am/hy/komercion-taracq-norakaruycum/Arabkir+17+St/Arabkir/Yerevan/153105
27/11/2015,09/06/2024,Երևան,Կենտրոն,3439080000,9000000,2700,0,1273733.0,https://myrealty.am/hy/komercion-taracq/Hanrapetutyan+St/Center/Yerevan/27847
18/01/2024,27/06/2024,Երևան,Նորք Մարաշ,պայմանական,negotiable,1309,0,,https://myrealty.am/hy/komercion-taracq-norakaruycum/G.+Hovsepyan+St/Nork-Marash/Yerevan/143789
05/06/2024,05/06/2024,Երևան,Կենտրոն,128010200,335000,79,0,1620382.0,https://myrealty.am/hy/komercion-taracq-norakaruycum/Paronyan+St/Center/Yerevan/150555
04/05/2024,15/06/2024,Երևան,Կենտրոն,313338400,820000,206,0,1521060.0,https://myrealty.am/hy/komercion-taracq-norakaruycum/Vazgen+Sargsyan+St/Center/Yerevan/148857
14/04/2020,09/06/2024,Երևան,Կենտրոն,1299208000,3400000,740,0,1755686.0,https://myrealty.am/hy/komercion-taracq-norakaruycum/Northern+%28Hyusisayin%29++Ave/Center/Yerevan/108249
04/05/2024,15/06/2024,Երևան,Կենտրոն,171954000,450000,220,0,781609.0,https://myrealty.am/hy/komercion-taracq/Moskovyan+St/Center/Yerevan/148838
16/07/2025,16/07/2025,Երևան,Աջափնյակ,պայմանական,negotiable,720,0,,https://myrealty.am/hy/komercion-taracq/Silikyan+district/Ajapnyak/Yerevan/155959
30/01/2025,06/11/2025,Երևան,Կենտրոն,1452056,3800,300,0,4840.0,https://myrealty.am/hy/vardzov-komercion-taracq/Isakov+Ave/Center/Yerevan/154555
15/02/2025,03/11/2025,Երևան,Աջափնյակ,1306850,3419,331,0,3948.0,https://myrealty.am/hy/vardzov-komercion-taracq/Leningradyan+St/Ajapnyak/Yerevan/154706
15/07/2023,06/11/2025,Երևան,Կենտրոն,764240,2000,78,0,9797.0,https://myrealty.am/hy/vardzov-komercion-taracq/Mashtots+Ave/Center/Yerevan/137353
26/10/2025,27/10/2025,Երևան,Մալաթիա Սեբաստիա,747809,1957,196,0,3815.0,https://myrealty.am/hy/vardzov-komercion-taracq/Leningradyan+st./Malatia-Sebastia/Yerevan/157082
22/08/2025,06/10/2025,Երևան,Կենտրոն,1337420,3500,235,0,5691.0,https://myrealty.am/hy/vardzov-komercion-taracq/E.+Qochar+St/Center/Yerevan/156377
28/06/2024,06/11/2025,Երևան,Կենտրոն,840664,2200,190,0,4424.0,https://myrealty.am/hy/vardzov-komercion-taracq/Arshakunyats+Ave/Center/Yerevan/151549
22/05/2024,15/11/2025,Երևան,Կենտրոն,1337420,3500,280,0,4776.0,https://myrealty.am/hy/vardzov-komercion-taracq-norakaruycum/Antarayin+St/Center/Yerevan/149825
25/07/2025,06/11/2025,Երևան,Նորք Մարաշ,9553000,25000,1900,0,5027.0,https://myrealty.am/hy/vardzov-komercion-taracq-norakaruycum/Armenak+Armenakyan+St/Nork-Marash/Yerevan/156019
15/10/2025,15/10/2025,Երևան,Կենտրոն,504398,1319,76,0,6636.0,https://myrealty.am/hy/vardzov-komercion-taracq/Pushkin+St/Center/Yerevan/156984
19/12/2024,06/11/2025,Երևան,Կենտրոն,7642400,20000,1740,0,4392.0,https://myrealty.am/hy/vardzov-komercion-taracq/Mashtots+Ave/Center/Yerevan/154073
01/11/2025,07/11/2025,Երևան,Արաբկիր,420332,1100,90,0,4670.0,https://myrealty.am/hy/vardzov-komercion-taracq/A.+Avetisyan+St/Arabkir/Yerevan/157333
11/12/2024,06/11/2025,Երևան,Կենտրոն,3821200,10000,162,0,23587.0,https://myrealty.am/hy/vardzov-komercion-taracq/Abovyan+St/Center/Yerevan/154004
23/09/2025,23/09/2025,Երևան,Կենտրոն,1146360,3000,110,0,10421.0,https://myrealty.am/hy/vardzov-komercion-taracq/Nalbandyan+St/Center/Yerevan/156759
07/10/2025,07/10/2025,Երևան,Կենտրոն,955300,2500,302,0,3163.0,https://myrealty.am/hy/vardzov-komercion-taracq/Arshakunyats+Ave/Center/Yerevan/156912
27/06/2024,30/09/2025,Երևան,Կենտրոն,3526968,9230,300,0,11756.0,https://myrealty.am/hy/vardzov-komercion-taracq-norakaruycum/Amiryan+St/Center/Yerevan/151472
12/04/2025,05/11/2025,Երևան,Արաբկիր,1795964,4700,687,0,2614.0,https://myrealty.am/hy/vardzov-komercion-taracq/Barbyus+St/Arabkir/Yerevan/155229
21/06/2023,08/10/2025,Երևան,Կենտրոն,351550,919,95,0,3700.0,https://myrealty.am/hy/vardzov-komercion-taracq-norakaruycum/Argishti+St/Center/Yerevan/136117
19/08/2025,06/11/2025,Երևան,Կենտրոն,4165108,10900,715,0,5825.0,https://myrealty.am/hy/vardzov-komercion-taracq-norakaruycum/Mher+Mkrtchyan+St/Center/Yerevan/156329
09/07/2024,03/11/2025,Երևան,Կենտրոն,802452,2100,98,0,8188.0,https://myrealty.am/hy/vardzov-komercion-taracq/Tumanyan+St/Center/Yerevan/151708
19/07/2023,13/10/2025,Երևան,Կենտրոն,193353,506,28,0,6905.0,https://myrealty.am/hy/vardzov-komercion-taracq/Saryan+St/Center/Yerevan/137591
21/02/2024,18/09/2025,Երևան,Արաբկիր,500577,1309,150,0,3337.0,https://myrealty.am/hy/vardzov-komercion-taracq/V.Vagharshyan+St/Arabkir/Yerevan/145209
01/04/2025,14/11/2025,Երևան,Արաբկիր,955300,2500,242,0,3947.0,https://myrealty.am/hy/vardzov-komercion-taracq-norakaruycum/Azatutyan+Ave/Arabkir/Yerevan/157615
21/07/2025,14/10/2025,Երևան,Աջափնյակ,351550,919,59,0,5958.0,https://myrealty.am/hy/vardzov-komercion-taracq/Hasratyan+st./Ajapnyak/Yerevan/155989
26/11/2022,27/09/2025,Երևան,Կենտրոն,5533098,14480,404,0,13695.0,https://myrealty.am/hy/vardzov-komercion-taracq-norakaruycum/Amiryan+St/Center/Yerevan/127157
28/08/2025,27/10/2025,Երևան,Արաբկիր,603750,1580,78,0,7740.0,https://myrealty.am/hy/vardzov-komercion-taracq/Komitas+Ave/Arabkir/Yerevan/156504
12/01/2024,06/11/2025,Երևան,Արաբկիր,573180000,1500000,197,0,2909543.0,https://myrealty.am/hy/vardzov-komercion-taracq/N.+Zaryan+St/Arabkir/Yerevan/143535
09/09/2025,22/10/2025,Երևան,Կենտրոն,1846786,4833,225,0,8207.0,https://myrealty.am/hy/vardzov-komercion-taracq-norakaruycum/Argishti+St/Center/Yerevan/156625
08/07/2025,06/11/2025,Երևան,Աջափնյակ,7642400,20000,3000,0,2547.0,https://myrealty.am/hy/vardzov-komercion-taracq/Gevorg+Chaush+St/Ajapnyak/Yerevan/155899
09/06/2022,11/09/2025,Երևան,Արաբկիր,450902,1180,86,0,5243.0,https://myrealty.am/hy/vardzov-komercion-taracq/A.+Khachatrian+St/Arabkir/Yerevan/122410
10/12/2025,,Սյունիք,Գորիս,19091000,50000,43,0,443976.0,https://www.senyak.am/arevtri-taratsq-gorisum-43qm--w8d2
01/12/2025,10/12/2025,Երևան,Կենտրոն,687276,1800,180,0,3818.0,https://www.senyak.am/ofisayin-taratsq-kentronum-180qm--wixc
01/12/2025,10/12/2025,Երևան,Կենտրոն,1260006,3300,257,0,4902.0,https://www.senyak.am/komercion-taratsq-kentronum-257qm--wix3
06/12/2025,10/12/2025,Երևան,Քանաքեռ Զեյթուն,35127440,92000,67,0,524290.0,https://www.senyak.am/ofisayin-taratsq-zeytunum-67qm--wikf
04/11/2025,10/12/2025,Երևան,Քանաքեռ Զեյթուն,127052896,332756,156,0,814441.0,https://myrealty.am/hy/komercion-taracq-norakaruycum/Sevak+St/Kanaqer-Zeytun/Yerevan/157350
04/11/2025,10/12/2025,Երևան,Քանաքեռ Զեյթուն,49020343,128386,70,0,700290.0,https://myrealty.am/hy/komercion-taracq-norakaruycum/Sevak+St/Kanaqer-Zeytun/Yerevan/157300
04/11/2025,10/12/2025,Երևան,Քանաքեռ Զեյթուն,137057344,358958,170,0,806219.0,https://myrealty.am/hy/komercion-taracq/Sevak+St/Kanaqer-Zeytun/Yerevan/157347
04/11/2025,10/12/2025,Երևան,Քանաքեռ Զեյթուն,149062146,390398,186,0,801409.0,https://myrealty.am/hy/komercion-taracq-norakaruycum/Sevak+St/Kanaqer-Zeytun/Yerevan/157344
04/11/2025,10/12/2025,Երևան,Քանաքեռ Զեյթուն,49020343,128386,69,0,710439.0,https://myrealty.am/hy/komercion-taracq-norakaruycum/Sevak+St/Kanaqer-Zeytun/Yerevan/157312
04/11/2025,10/12/2025,Երևան,Քանաքեռ Զեյթուն,49020343,128386,56,0,875363.0,https://myrealty.am/hy/komercion-taracq/Sevak+St/Kanaqer-Zeytun/Yerevan/157590
04/11/2025,10/12/2025,Երևան,Քանաքեռ Զեյթուն,179074725,469002,223,0,803025.0,https://myrealty.am/hy/komercion-taracq-norakaruycum/Sevak+St/Kanaqer-Zeytun/Yerevan/157335
08/12/2025,10/12/2025,Երևան,Կենտրոն,362729000,950000,101,0,3591376.0,https://myrealty.am/hy/komercion-taracq/Pushkin+St/Center/Yerevan/158221
04/11/2025,10/12/2025,Երևան,Քանաքեռ Զեյթուն,83034777,217470,118,0,703684.0,https://myrealty.am/hy/komercion-taracq-norakaruycum/Sevak+St/Kanaqer-Zeytun/Yerevan/157600
04/11/2025,09/12/2025,Երևան,Քանաքեռ Զեյթուն,99273200,260000,142,0,699107.0,https://myrealty.am/hy/komercion-taracq/Sevak+St/Kanaqer-Zeytun/Yerevan/157318
04/11/2025,10/12/2025,Երևան,Քանաքեռ Զեյթուն,47019606,123146,64,0,734681.0,https://myrealty.am/hy/komercion-taracq-norakaruycum/Sevak+St/Kanaqer-Zeytun/Yerevan/157594
09/12/2025,09/12/2025,Երևան,Կենտրոն,763640,2000,68,0,11230.0,https://myrealty.am/hy/komercion-taracq/Teryan+St/Center/Yerevan/158206
21/06/2023,09/12/2025,Երևան,Արաբկիր,336001600,880000,125,0,2688012.0,https://myrealty.am/hy/komercion-taracq/Baghramyan+av%28Arabkir%29/Arabkir/Yerevan/158196
15/11/2025,04/12/2025,Երևան,Կենտրոն,303546900,795000,145,0,2093426.0,https://myrealty.am/hy/komercion-taracq/Mashtots+Ave/Center/Yerevan/157988
08/10/2025,07/11/2025,Երևան,Կենտրոն,126000600,330000,114,0,1105268.0,https://myrealty.am/hy/komercion-taracq/Charents+St/Center/Yerevan/156923
17/03/2025,06/12/2025,Երևան,Կենտրոն,878186000,2300000,209,0,4201846.0,https://myrealty.am/hy/komercion-taracq/Saryan+St/Center/Yerevan/157532
04/07/2025,08/12/2025,Երևան,Կենտրոն,145091600,380000,74,0,1960697.0,https://myrealty.am/hy/komercion-taracq/Leo+St/Center/Yerevan/157705
04/03/2025,09/12/2025,Երևան,Արաբկիր,240546600,630000,200,0,1202733.0,https://myrealty.am/hy/komercion-taracq/Komitas+Ave/Arabkir/Yerevan/157409
04/11/2025,10/12/2025,Երևան,Քանաքեռ Զեյթուն,48019974,125765,67,0,716716.0,https://myrealty.am/hy/komercion-taracq-norakaruycum/Sevak+St/Kanaqer-Zeytun/Yerevan/157322
04/11/2025,10/12/2025,Երևան,Քանաքեռ Զեյթուն,88036619,230570,125,0,704292.0,https://myrealty.am/hy/komercion-taracq-norakaruycum/Sevak+St/Kanaqer-Zeytun/Yerevan/157316
04/11/2025,04/11/2025,Երևան,Կենտրոն,133637000,350000,61,0,2190770.0,https://myrealty.am/hy/komercion-taracq/Tumanyan+St/Center/Yerevan/157172
27/01/2025,28/09/2025,Երևան,Կենտրոն,95455000,250000,39,0,2447564.0,https://myrealty.am/hy/komercion-taracq/Abovyan+St/Center/Yerevan/154518
22/10/2025,22/10/2025,Կոտայք,Ծաղկաձոր,143182500,375000,270,0,530305.0,https://myrealty.am/hy/komercion-taracq/Tsaghkadzor/Tsaghkadzor/Kotayk/157039
05/05/2025,05/05/2025,Երևան,Արաբկիր,202364600,530000,106,0,1909100.0,https://myrealty.am/hy/komercion-taracq/Komitas+Ave/Arabkir/Yerevan/155364
02/06/2025,02/06/2025,Երևան,Քանաքեռ Զեյթուն,504002400,1320000,575,0,876525.0,https://myrealty.am/hy/komercion-taracq-norakaruycum/Davit+Anhaxt+St/Kanaqer-Zeytun/Yerevan/155551
24/03/2023,09/07/2025,Երևան,Կենտրոն,80182200,210000,45,0,1781826.0,https://myrealty.am/hy/komercion-taracq/Sayat-Nova+Ave/Center/Yerevan/131436
12/06/2025,03/07/2025,Երևան,Կենտրոն,372274500,975000,102,0,3649750.0,https://myrealty.am/hy/komercion-taracq/Teryan+St/Center/Yerevan/155614
05/02/2025,05/02/2025,Երևան,Էրեբունի,305456000,800000,375,0,814549.0,https://myrealty.am/hy/komercion-taracq-norakaruycum/Rostovyan+St/Erebuni/Yerevan/154612
26/12/2024,26/12/2024,Երևան,Կենտրոն,324547000,850000,100,0,3245470.0,https://myrealty.am/hy/komercion-taracq/Mashtots+Ave/Center/Yerevan/154134
16/12/2024,16/12/2024,Երևան,Կենտրոն,210001000,550000,170,0,1235300.0,https://myrealty.am/hy/komercion-taracq/Aygestan+2+St/Center/Yerevan/154047
15/11/2025,10/12/2025,Երևան,Ավան,պայմանական,negotiable,2900,0,,https://myrealty.am/hy/komercion-taracq-norakaruycum/Paruyr+Sevak++dis.+17+street/Avan/Yerevan/157752
07/12/2023,11/07/2024,Երևան,Կենտրոն,127909700,335000,95,0,1346417.0,https://myrealty.am/hy/komercion-taracq-norakaruycum/Paronyan+St/Center/Yerevan/142911
26/12/2025,02/02/2026,Երևան,Արաբկիր,102178800,270000,80,0,1277235.0,https://www.senyak.am/ofisayin-taratsq-arabkirum-80qm--wfyf
24/01/2026,31/01/2026,Երևան,Մալաթիա Սեբաստիա,26490800,70000,40,0,662270.0,https://www.senyak.am/komercion-taratsq-bangladeshum-40qm--wc6p
29/01/2026,,Երևան,Կենտրոն,400000,1056,56,0,7142.0,https://www.senyak.am/ofisayin-taratsq-kentronum-56qm--wcon
26/01/2026,,Երևան,Աջափնյակ,681192000,1800000,1500,0,454128.0,https://www.senyak.am/norakaruyc-ofisayin-taratsq-ajapnyakum-1500qm--wciq
28/01/2026,,Երևան,Կենտրոն,73795800,195000,67,0,1101429.0,https://www.senyak.am/ofisayin-taratsq-kentronum-67qm--wcci
17/01/2026,,Երևան,Աջափնյակ,63956360,169000,125,0,511650.0,https://www.senyak.am/komercion-taratsq-halabyanum-125qm--wy3j
14/01/2026,,Արարատ,Մասիս,17030,45,32500,0,0.0,https://www.senyak.am/artadramas-masisum-32500qm--wyxv
22/12/2025,14/01/2026,Երևան,Արաբկիր,208142000,550000,340,0,612182.0,https://www.senyak.am/komercion-taratsq-arabkirum-340qm--wf6w
15/01/2026,,Երևան,Մալաթիա Սեբաստիա,24598600,65000,62,0,396751.0,https://www.senyak.am/shenq-shinutyun-bangladeshum-62qm--wyci
20/12/2025,,Երևան,Արաբկիր,47305000,125000,72,0,657013.0,https://www.senyak.am/ofisayin-taratsq-komitasum-72qm--wf42
23/12/2025,,Երևան,Կենտրոն,151376000,400000,158,0,958075.0,https://www.senyak.am/spasarkman-taratsq-kentronum-158qm--wf9g
09/01/2026,03/02/2026,Երևան,Քանաքեռ Զեյթուն,175974600,465000,148,0,1189017.0,https://myrealty.am/hy/komercion-taracq/K.+Ulnetsi+St/Kanaqer-Zeytun/Yerevan/159202
04/11/2025,02/02/2026,Երևան,Քանաքեռ Զեյթուն,179759000,475000,223,0,806094.0,https://myrealty.am/hy/komercion-taracq-norakaruycum/Sevak+St/Kanaqer-Zeytun/Yerevan/157337
04/11/2025,02/02/2026,Երևան,Քանաքեռ Զեյթուն,88933400,235000,125,0,711467.0,https://myrealty.am/hy/komercion-taracq-norakaruycum/Sevak+St/Kanaqer-Zeytun/Yerevan/157321
04/11/2025,02/02/2026,Երևան,Քանաքեռ Զեյթուն,227064000,600000,281,0,808056.0,https://myrealty.am/hy/komercion-taracq/Sevak+St/Kanaqer-Zeytun/Yerevan/157338
16/12/2025,29/01/2026,Երևան,Կենտրոն,170298000,450000,224,0,760258.0,https://myrealty.am/hy/komercion-taracq/Abovyan+St/Center/Yerevan/158520
02/12/2025,30/01/2026,Երևան,Աջափնյակ,946100000,2500000,1350,0,700814.0,https://myrealty.am/hy/komercion-taracq/Shiraz+St/Ajapnyak/Yerevan/158297
15/11/2025,30/01/2026,Երևան,Կենտրոն,293291000,775000,145,0,2022696.0,https://myrealty.am/hy/komercion-taracq/Mashtots+Ave/Center/Yerevan/158298
04/11/2025,29/01/2026,Երևան,Քանաքեռ Զեյթուն,45791240,121000,64,0,715488.0,https://myrealty.am/hy/komercion-taracq-norakaruycum/Sevak+St/Kanaqer-Zeytun/Yerevan/157598
17/03/2025,27/01/2026,Երևան,Կենտրոն,870412000,2300000,209,0,4164650.0,https://myrealty.am/hy/komercion-taracq/Saryan+St/Center/Yerevan/157531
08/12/2025,26/01/2026,Երևան,Կենտրոն,359518000,950000,101,0,3559584.0,https://myrealty.am/hy/komercion-taracq/Pushkin+St/Center/Yerevan/158222
04/03/2025,22/01/2026,Երևան,Արաբկիր,238417200,630000,200,0,1192086.0,https://myrealty.am/hy/komercion-taracq/Komitas+Ave/Arabkir/Yerevan/157408
01/03/2025,19/01/2026,Երևան,Կենտրոն,124885200,330000,39,0,3202184.0,https://myrealty.am/hy/komercion-taracq/Aram+St/Center/Yerevan/158487
04/07/2025,26/01/2026,Երևան,Կենտրոն,143807200,380000,74,0,1943340.0,https://myrealty.am/hy/komercion-taracq/Leo+St/Center/Yerevan/157703
17/12/2025,19/01/2026,Երևան,Ավան,416284000,1100000,414,0,1005516.0,https://myrealty.am/hy/komercion-taracq-norakaruycum/Khudyakov+St/Avan/Yerevan/158558
10/10/2025,14/01/2026,Երևան,Արաբկիր,54873800,145000,79,0,694605.0,https://myrealty.am/hy/komercion-taracq-norakaruycum/Sevqareci+Saqo+St/Arabkir/Yerevan/157688
10/08/2023,27/12/2025,Երևան,Կենտրոն,132454000,350000,97,0,1365505.0,https://myrealty.am/hy/komercion-taracq/Khanjyan+St/Center/Yerevan/138603
23/09/2024,23/01/2026,Երևան,Կենտրոն,283830000,750000,93,0,3051935.0,https://myrealty.am/hy/komercion-taracq-norakaruycum/Leo+St/Center/Yerevan/159079
22/12/2025,27/01/2026,Երևան,Կենտրոն,310320800,820000,266,0,1166619.0,https://myrealty.am/hy/komercion-taracq/Arshakunyats+Ave/Center/Yerevan/158540
09/12/2024,06/10/2025,Երևան,Դավթաշեն,177866800,470000,256,0,694792.0,https://myrealty.am/hy/komercion-taracq/Davtashen+6+St/Davtashen/Yerevan/153982
29/10/2025,29/10/2025,Երևան,Մալաթիա Սեբաստիա,132454000,350000,105,0,1261466.0,https://myrealty.am/hy/komercion-taracq-norakaruycum/Hovnatan+St/Malatia-Sebastia/Yerevan/157103
12/12/2025,13/12/2025,Արմավիր,Փարաքար,340217560,899000,650,0,523411.0,https://myrealty.am/hy/komercion-taracq/Yerevanyan+Road/Paraqar/Armavir/158256
05/05/2025,05/05/2025,Երևան,Արաբկիր,200573200,530000,106,0,1892200.0,https://myrealty.am/hy/komercion-taracq/Komitas+Ave/Arabkir/Yerevan/155362
22/07/2025,22/07/2025,Երևան,Արաբկիր,155160400,410000,135,0,1149336.0,https://myrealty.am/hy/komercion-taracq/Gyulbenkyan+St/Arabkir/Yerevan/155999
03/09/2024,03/09/2024,Տավուշ,Դիլիջան,113532000,300000,236,0,481067.0,https://myrealty.am/hy/komercion-taracq/Dilidjan/Dilijan/Tavush/152801
16/12/2024,16/12/2024,Երևան,Կենտրոն,208142000,550000,170,0,1224364.0,https://myrealty.am/hy/komercion-taracq/Aygestan+2+St/Center/Yerevan/154046
12/07/2024,22/07/2024,Երևան,Արաբկիր,245986000,650000,273,0,901047.0,https://myrealty.am/hy/komercion-taracq/Azatutyan+Ave/Arabkir/Yerevan/151803
15/07/2024,05/08/2024,Երևան,Կենտրոն,245986000,650000,175,0,1405634.0,https://myrealty.am/hy/komercion-taracq/Baghramyan+Ave+%28Kentron%29/Center/Yerevan/151859
08/12/2025,24/01/2026,Երևան,Արաբկիր,պայմանական,negotiable,2000,0,,https://myrealty.am/hy/komercion-taracq/Azatutyan+Ave/Arabkir/Yerevan/158321
15/11/2025,29/01/2026,Երևան,Ավան,պայմանական,negotiable,2900,0,,https://myrealty.am/hy/komercion-taracq-norakaruycum/Paruyr+Sevak++dis.+17+street/Avan/Yerevan/157751
22/12/2025,20/01/2026,Երևան,Արաբկիր,պայմանական,negotiable,301,0,,https://myrealty.am/hy/komercion-taracq/Griboedov+St/Arabkir/Yerevan/158451
03/03/2026,,Երևան,Շենգավիթ,60000000,159020,106,0,566037.0,https://www.senyak.am/ofisayin-taratsq-charbaxum-106qm--wzxa
25/02/2026,,Կոտայք,Նոր Գեղի գյուղ,169789500,450000,1240,0,136927.0,https://www.senyak.am/arevtri-taratsq-1240qm--wwtx
17/10/2025,01/03/2026,Երևան,Նոր Նորք,35844450,95000,68,0,527124.0,https://www.senyak.am/2-senyakanoc-bnakarani-vacharq-6-rd-masivum--wekd
28/02/2026,,Երևան,Կենտրոն,377310000,1000000,347,0,1087348.0,https://www.senyak.am/norakaruyc-artadramas-rasiayum-347qm--wol9
23/02/2026,,Երևան,Նոր Նորք,320713500,850000,1500,0,213809.0,https://www.senyak.am/artadramas-5-rd-masivum-1500qm--wom8
16/02/2026,21/02/2026,Երևան,Կենտրոն,215066700,570000,80,0,2688333.0,https://www.senyak.am/ofisayin-taratsq-kentronum-80qm--wh71
24/02/2026,,Երևան,Դավթաշեն,264117000,700000,220,0,1200531.0,https://www.senyak.am/komercion-taratsq-davtashenum-220qm--wob0
13/02/2026,18/02/2026,Երևան,Դավթաշեն,679158000,1800000,1200,0,565965.0,https://www.senyak.am/arevtri-taratsq-davtashenum-1200qm--wh56
20/02/2026,,Արմավիր,Էջմիածին քաղաք,900000,2385,27,0,33333.0,https://www.senyak.am/komercion-taratsq-27qm--wo1g
07/02/2026,,Երևան,Կենտրոն,67915800,180000,90,0,754620.0,https://www.senyak.am/ofisayin-taratsq-kentronum-90qm--wh1w
31/01/2026,17/02/2026,Երևան,Քանաքեռ Զեյթուն,35844450,95000,230,0,155845.0,https://www.senyak.am/5-senyakanoc-sepakan-tun-qanaqerum--wcbx
21/02/2026,,Երևան,Կենտրոն,1800000,4770,356,0,5056.0,https://www.senyak.am/ofisayin-taratsq-kentronum-356qm--woia
14/02/2026,,Երևան,Կենտրոն,282982500,750000,220,0,1286284.0,https://www.senyak.am/ofisayin-taratsq-kentronum-220qm--whr3
20/02/2026,,Երևան,Արաբկիր,641427000,1700000,800,0,801783.0,https://www.senyak.am/ofisayin-taratsq-arabkirum-800qm--woxf
04/02/2026,,Երևան,Նոր Նորք,29052870,77000,38,0,764549.0,https://www.senyak.am/norakaruyc-ofisayin-taratsq-nor-norqum-38qm--wc74
21/02/2026,,Երևան,Դավթաշեն,264117000,700000,220,0,1200531.0,https://www.senyak.am/komercion-taratsq-davtashenum-220qm--woi9
18/02/2026,,Երևան,Կենտրոն,137718150,365000,240,0,573825.0,https://www.senyak.am/ofisayin-taratsq-kentronum-240qm--woqt
01/03/2025,05/03/2026,Երևան,Կենտրոն,124512300,330000,39,0,3192623.0,https://myrealty.am/hy/komercion-taracq/Aram+St/Center/Yerevan/158486
23/12/2024,28/02/2026,Երևան,Կենտրոն,132058500,350000,61,0,2164893.0,https://myrealty.am/hy/komercion-taracq/Tumanyan+St/Center/Yerevan/157385
11/02/2026,05/03/2026,Երևան,Կենտրոն,792351000,2100000,242,0,3274177.0,https://myrealty.am/hy/komercion-taracq-norakaruycum/Tigran+Mets+Ave/Center/Yerevan/159458
08/03/2025,25/06/2025,Երևան,Կենտրոն,120739200,320000,40,0,3018480.0,https://myrealty.am/hy/komercion-taracq-norakaruycum/Aram+St/Center/Yerevan/154926
12/02/2026,06/03/2026,Կոտայք,Ձորաղբյուր,905544000,2400000,1450,0,624513.0,https://myrealty.am/hy/komercion-taracq-norakaruycum/1+zangvac/Dzoraghbyur/Kotayk/159700
02/12/2025,02/03/2026,Երևան,Աջափնյակ,943275000,2500000,1350,0,698722.0,https://myrealty.am/hy/komercion-taracq/Shiraz+St/Ajapnyak/Yerevan/158295
21/06/2023,02/03/2026,Երևան,Արաբկիր,282982500,750000,125,0,2263860.0,https://myrealty.am/hy/komercion-taracq/Baghramyan+av%28Arabkir%29/Arabkir/Yerevan/158197
17/02/2026,06/03/2026,Երևան,Կենտրոն,1018737000,2700000,272,0,3745356.0,https://myrealty.am/hy/komercion-taracq-norakaruycum/Aram+St/Center/Yerevan/159555
26/01/2026,04/03/2026,Կոտայք,Ծաղկաձոր,181108800,480000,265,0,683429.0,https://myrealty.am/hy/komercion-taracq-norakaruycum//Tsaghkadzor/Kotayk/159464
07/02/2026,04/03/2026,Երևան,Ավան,111306450,295000,133,0,836890.0,https://myrealty.am/hy/komercion-taracq-norakaruycum/Tsarav+Aghbyur+St/Avan/Yerevan/159394
11/02/2026,05/03/2026,Լոռի,Ստեփանավան,120739200,320000,160,0,754620.0,https://myrealty.am/hy/komercion-taracq/Antarayin+street/Stepanavan/Lori/159433
05/03/2026,05/03/2026,Երևան,Արաբկիր,101873700,270000,92,0,1107322.0,https://myrealty.am/hy/komercion-taracq-norakaruycum/Mamikoniants+St/Arabkir/Yerevan/159692
23/09/2024,24/02/2026,Երևան,Կենտրոն,282982500,750000,93,0,3042822.0,https://myrealty.am/hy/komercion-taracq-norakaruycum/Leo+St/Center/Yerevan/159078
04/11/2025,14/02/2026,Երևան,Քանաքեռ Զեյթուն,83008200,220000,118,0,703459.0,https://myrealty.am/hy/komercion-taracq-norakaruycum/Sevak+St/Kanaqer-Zeytun/Yerevan/157601
16/12/2025,21/02/2026,Երևան,Կենտրոն,169789500,450000,224,0,757988.0,https://myrealty.am/hy/komercion-taracq/Abovyan+St/Center/Yerevan/158522
05/02/2026,27/02/2026,Երևան,Նոր Նորք,27920940,74000,38,0,734761.0,https://myrealty.am/hy/komercion-taracq-norakaruycum/Bagrevand+district/Nor-Nork/Yerevan/159311
08/12/2025,24/02/2026,Երևան,Կենտրոն,358444500,950000,101,0,3548955.0,https://myrealty.am/hy/komercion-taracq/Pushkin+St/Center/Yerevan/158220
15/02/2026,24/02/2026,Երևան,Կենտրոն,215066700,570000,80,0,2688333.0,https://myrealty.am/hy/komercion-taracq/Abovyan+St/Center/Yerevan/159427
18/10/2025,14/02/2026,Երևան,Մալաթիա Սեբաստիա,132058500,350000,66,0,2000886.0,https://myrealty.am/hy/komercion-taracq-norakaruycum/Hovnatan+St/Malatia-Sebastia/Yerevan/157402
04/11/2025,14/02/2026,Երևան,Քանաքեռ Զեյթուն,243364950,645000,303,0,803184.0,https://myrealty.am/hy/komercion-taracq/Sevak+St/Kanaqer-Zeytun/Yerevan/157341
04/11/2025,14/02/2026,Երևան,Քանաքեռ Զեյթուն,98100600,260000,142,0,690849.0,https://myrealty.am/hy/komercion-taracq/Sevak+St/Kanaqer-Zeytun/Yerevan/157319
04/11/2025,14/02/2026,Երևան,Քանաքեռ Զեյթուն,137718150,365000,170,0,810106.0,https://myrealty.am/hy/komercion-taracq/Sevak+St/Kanaqer-Zeytun/Yerevan/157349
28/08/2021,09/02/2026,Երևան,Կենտրոն,143377800,380000,142,0,1009702.0,https://myrealty.am/hy/komercion-taracq/Amiryan+St/Center/Yerevan/113947
02/06/2025,02/06/2025,Կոտայք,Գառնի,603696000,1600000,700,0,862422.0,https://myrealty.am/hy/komercion-taracq/Garni/Garni/Kotayk/155554
15/07/2024,15/07/2024,Երևան,Կենտրոն,256570800,680000,175,0,1466118.0,https://myrealty.am/hy/komercion-taracq/Baghramyan+Ave+%28Kentron%29/Center/Yerevan/151856
03/09/2024,03/09/2024,Տավուշ,Դիլիջան,113193000,300000,236,0,479631.0,https://myrealty.am/hy/komercion-taracq-norakaruycum/Dilidjan/Dilijan/Tavush/152802
16/03/2026,21/04/2026,Երևան,Նոր Նորք,37000000,99360,69,0,536231.0,https://www.senyak.am/komercion-taratsq-nor-norqum-69qm--wmup
17/04/2026,21/04/2026,Երևան,Մալաթիա Սեբաստիա,44685600,120000,80,0,558570.0,https://www.senyak.am/komercion-taratsq-bangladeshum-80qm--wbbh
20/04/2026,,Երևան,Կենտրոն,595808000,1600000,400,0,1489520.0,https://www.senyak.am/arevtri-taratsq-kentronum-400qm--wbn6
19/04/2026,,Երևան,Արաբկիր,178742400,480000,238,0,751018.0,https://www.senyak.am/ofisayin-taratsq-komitasum-238qm--wbav
18/04/2026,,Երևան,Կենտրոն,633046000,1700000,420,0,1507252.0,https://www.senyak.am/spasarkman-taratsq-kentronum-420qm--wb5w
02/03/2026,17/04/2026,Երևան,Քանաքեռ Զեյթուն,35748480,96000,122,0,293020.0,https://www.senyak.am/5-senyakanoc-sepakan-tun-qanaqerum--wzd4
18/04/2026,,Երևան,Կենտրոն,633046000,1700000,420,0,1507252.0,https://www.senyak.am/spasarkman-taratsq-kentronum-420qm--wb54
27/03/2026,15/04/2026,Արագածոտն,Ագարակավան գյուղ,48409400,130000,283,0,171057.0,https://www.senyak.am/artadramas-283qm--wja9
16/03/2026,12/04/2026,Արմավիր,Արմավիր,204809000,550000,350,0,585168.0,https://www.senyak.am/spasarkman-taratsq-armavirum-350qm--wmml
15/04/2026,,Երևան,Մալաթիա Սեբաստիա,55857000,150000,45,0,1241266.0,https://www.senyak.am/komercion-taratsq-bangladeshum-45qm--wbhu
14/04/2026,,Երևան,Կենտրոն,304979220,819000,145,0,2103304.0,https://www.senyak.am/komercion-taratsq-kentronum-145qm--wbfn
14/04/2026,,Երևան,Կենտրոն,361208600,970000,121,0,2985195.0,https://www.senyak.am/komercion-taratsq-kentronum-121qm--wbfr
14/04/2026,,Երևան,Կենտրոն,446856000,1200000,260,0,1718676.0,https://www.senyak.am/komercion-taratsq-kentronum-260qm--wbyd
16/03/2026,10/04/2026,Երևան,Կենտրոն,186190000,500000,130,0,1432230.0,https://www.senyak.am/komercion-taratsq-kentronum-130qm--wmmo
16/03/2026,12/04/2026,Երևան,Կենտրոն,65166500,175000,71,0,917838.0,https://www.senyak.am/komercion-taratsq-kentronum-71qm--wmm2
09/04/2026,,Երևան,Շենգավիթ,29045640,78000,61,0,476158.0,https://www.senyak.am/ofisayin-taratsq-hayreniqum-61qm--wuaa
10/04/2026,,Երևան,Կենտրոն,158261500,425000,121,0,1307946.0,https://www.senyak.am/ofisayin-taratsq-kentronum-121qm--wukk
10/04/2026,,Երևան,Կենտրոն,819236000,2200000,950,0,862353.0,https://www.senyak.am/ofisayin-taratsq-kentronum-950qm--wuks
11/04/2026,,Երևան,Աջափնյակ,7000000,18798,950,0,7368.0,https://www.senyak.am/norakaruyc-ofisayin-taratsq-silikyan-taxamasum-950qm--wute
17/03/2026,,Կոտայք,Աբովյան,18246620,49000,43,0,424340.0,https://www.senyak.am/arevtri-taratsq-abovyanum-43qm--wmp1
05/04/2026,,Երևան,Արաբկիր,100542600,270000,95,0,1058343.0,https://www.senyak.am/ofisayin-taratsq-arabkirum-95qm--wuzu
02/12/2024,13/04/2026,Երևան,Արաբկիր,42823700,115000,45,0,951637.0,https://myrealty.am/hy/komercion-taracq/Orbeli+Yeghbayrner+++St/Arabkir/Yerevan/160092
04/11/2025,19/04/2026,Երևան,Քանաքեռ Զեյթուն,147090100,395000,186,0,790806.0,https://myrealty.am/hy/komercion-taracq-norakaruycum/Sevak+St/Kanaqer-Zeytun/Yerevan/157346
24/01/2026,10/04/2026,Երևան,Կենտրոն,249494600,670000,140,0,1782104.0,https://myrealty.am/hy/komercion-taracq/Kajaznuni+St/Center/Yerevan/160161
06/04/2026,16/04/2026,Լոռի,Ստեփանավան,93095000,250000,300,0,310316.0,https://myrealty.am/hy/komercion-taracq-norakaruycum/Stepanavan/Stepanavan/Lori/160207
01/04/2026,20/04/2026,Երևան,Կենտրոն,65166500,175000,57,0,1143271.0,https://myrealty.am/hy/komercion-taracq/Moskovyan+St/Center/Yerevan/160101
24/12/2025,17/04/2026,Երևան,Կենտրոն,122885400,330000,39,0,3150907.0,https://myrealty.am/hy/komercion-taracq-norakaruycum/Aram+St/Center/Yerevan/158484
18/04/2026,22/04/2026,Երևան,Կենտրոն,707522000,1900000,257,0,2753003.0,https://myrealty.am/hy/komercion-taracq/Saryan+St/Center/Yerevan/160253
04/11/2025,19/04/2026,Երևան,Քանաքեռ Զեյթուն,48409400,130000,70,0,691562.0,https://myrealty.am/hy/komercion-taracq-norakaruycum/Sevak+St/Kanaqer-Zeytun/Yerevan/157320
10/04/2026,20/04/2026,Երևան,Կենտրոն,55857000,150000,68,0,821426.0,https://myrealty.am/hy/komercion-taracq/Saryan+St/Center/Yerevan/160193
01/04/2026,15/04/2026,Երևան,Կենտրոն,186190000,500000,150,0,1241266.0,https://myrealty.am/hy/komercion-taracq/Moskovyan+St/Center/Yerevan/160102
27/03/2026,16/04/2026,Երևան,Արաբկիր,68890300,185000,44,0,1565688.0,https://myrealty.am/hy/komercion-taracq/Orbeli+Yeghbayrner+++St/Arabkir/Yerevan/160089
04/11/2025,18/04/2026,Երևան,Նորք Մարաշ,465475000,1250000,900,0,517194.0,https://myrealty.am/hy/komercion-taracq/Norq+Ayginer+St/Nork-Marash/Yerevan/157542
18/10/2025,02/04/2026,Երևան,Մալաթիա Սեբաստիա,130333000,350000,66,0,1974742.0,https://myrealty.am/hy/komercion-taracq-norakaruycum/Hovnatan+St/Malatia-Sebastia/Yerevan/157403
22/12/2025,08/04/2026,Երևան,Կենտրոն,305351600,820000,266,0,1147938.0,https://myrealty.am/hy/komercion-taracq/Arshakunyats+Ave/Center/Yerevan/158542
05/03/2026,14/04/2026,Կոտայք,Ձորաղբյուր,5213320,14000,1450,0,3595.0,https://myrealty.am/hy/vardzov-komercion-taracq-norakaruycum/1+zangvac/Dzoraghbyur/Kotayk/159709
15/01/2025,09/03/2026,Երևան,Կենտրոն,558570000,1500000,300,0,1861900.0,https://myrealty.am/hy/komercion-taracq/Koryun+St/Center/Yerevan/154359
19/03/2026,01/04/2026,Երևան,Աջափնյակ,1526758000,4100000,1526,0,1000496.0,https://myrealty.am/hy/komercion-taracq-norakaruycum/Bashinjaxyan+St/Ajapnyak/Yerevan/160011
15/11/2024,09/03/2026,Երևան,Կենտրոն,122885400,330000,43,0,2857800.0,https://myrealty.am/hy/komercion-taracq/Saryan+St/Center/Yerevan/153804
18/01/2024,27/06/2024,Երևան,Կենտրոն,633046000,1700000,380,0,1665910.0,https://myrealty.am/hy/komercion-taracq-norakaruycum/G.Lusavorich+St/Center/Yerevan/143777
16/02/2025,16/02/2025,Կոտայք,Գառնի,446856000,1200000,830,0,538380.0,https://myrealty.am/hy/komercion-taracq/Garni/Garni/Kotayk/154717
15/11/2025,22/04/2026,Երևան,Ավան,պայմանական,negotiable,2900,0,,https://myrealty.am/hy/komercion-taracq-norakaruycum/Paruyr+Sevak++dis.+17+street/Avan/Yerevan/157753
02/04/2026,02/04/2026,Երևան,Կենտրոն,1061283,2850,142,0,7473.0,https://myrealty.am/hy/vardzov-komercion-taracq-norakaruycum/Antarayin%2C+L.Azgaldyan+street%2C/Center/Yerevan/160088
20/02/2026,14/04/2026,Երևան,Կենտրոն,4840940,13000,242,0,20003.0,https://myrealty.am/hy/vardzov-komercion-taracq-norakaruycum/Tigran+Mets+Ave/Center/Yerevan/159751
15/02/2026,16/03/2026,Երևան,Կենտրոն,346313,929,53,0,6534.0,https://myrealty.am/hy/vardzov-komercion-taracq/Mashtots+Ave/Center/Yerevan/159420
25/05/2023,23/02/2026,Երևան,Կենտրոն,193638,520,33,0,5867.0,https://myrealty.am/hy/vardzov-komercion-taracq/Abovyan+St/Center/Yerevan/134690
22/11/2025,26/03/2026,Երևան,Կենտրոն,390999,1050,40,0,9774.0,https://myrealty.am/hy/vardzov-komercion-taracq/Amiryan+St/Center/Yerevan/158144
16/12/2023,23/02/2026,Երևան,Կենտրոն,4468560,12000,850,0,5257.0,https://myrealty.am/hy/vardzov-komercion-taracq/Kilikia+district/Center/Yerevan/143118
11/04/2023,20/12/2025,Երևան,Արաբկիր,588360,1579,250,0,2353.0,https://myrealty.am/hy/vardzov-komercion-taracq/Keri+St/Arabkir/Yerevan/132328
04/03/2026,08/04/2026,Երևան,Արաբկիր,670284,1800,72,0,9309.0,https://myrealty.am/hy/vardzov-komercion-taracq-norakaruycum/Barbyus+St/Arabkir/Yerevan/159669
04/03/2026,03/04/2026,Երևան,Կենտրոն,1675710,4500,90,0,18619.0,https://myrealty.am/hy/vardzov-komercion-taracq-norakaruycum/Pushkin+St/Center/Yerevan/159671
14/04/2026,21/04/2026,Երևան,Կենտրոն,348175,934,65,0,5356.0,https://myrealty.am/hy/vardzov-komercion-taracq/Saryan+St/Center/Yerevan/160184
04/03/2026,06/04/2026,Երևան,Կենտրոն,260666,700,50,0,5213.0,https://myrealty.am/hy/vardzov-komercion-taracq/Aygestan+7+St/Center/Yerevan/159657
18/09/2025,06/04/2026,Երևան,Շենգավիթ,930950,2500,302,0,3082.0,https://myrealty.am/hy/vardzov-komercion-taracq/Arshakunyats+Ave/Shengavit/Yerevan/157927
26/02/2026,03/03/2026,Երևան,Արաբկիր,484094,1300,40,0,12102.0,https://myrealty.am/hy/vardzov-komercion-taracq/Gyulbenkyan+St/Arabkir/Yerevan/159570
13/01/2026,09/04/2026,Երևան,Աջափնյակ,446856,1200,100,0,4468.0,https://myrealty.am/hy/vardzov-komercion-taracq-norakaruycum/Nazarbekyan+district/Ajapnyak/Yerevan/159064
05/07/2025,23/02/2026,Երևան,Քանաքեռ Զեյթուն,670284,1800,160,0,4189.0,https://myrealty.am/hy/vardzov-komercion-taracq/K.+Ulnetsi+St/Kanaqer-Zeytun/Yerevan/155892
16/06/2022,12/01/2026,Երևան,Կենտրոն,968188,2600,200,0,4840.0,https://myrealty.am/hy/vardzov-komercion-taracq/Teryan+St/Center/Yerevan/122615
04/03/2026,03/04/2026,Երևան,Կենտրոն,5585700,15000,300,0,18619.0,https://myrealty.am/hy/vardzov-komercion-taracq-norakaruycum/Pushkin+St/Center/Yerevan/159677
26/05/2023,23/02/2026,Երևան,Կենտրոն,4840940,13000,420,0,11526.0,https://myrealty.am/hy/vardzov-komercion-taracq/Sayat-Nova+Ave/Center/Yerevan/134816
26/07/2022,30/03/2026,Երևան,Կենտրոն,819236,2200,75,0,10923.0,https://myrealty.am/hy/vardzov-komercion-taracq/Vardanants+St/Center/Yerevan/159999
26/03/2024,16/03/2026,Երևան,Կենտրոն,1489520,4000,180,0,8275.0,https://myrealty.am/hy/vardzov-komercion-taracq/Tumanyan+St/Center/Yerevan/146956
21/10/2024,08/04/2026,Երևան,Կենտրոն,6702840,18000,520,0,12890.0,https://myrealty.am/hy/vardzov-komercion-taracq-norakaruycum/Teryan+St/Center/Yerevan/158361
20/11/2025,08/04/2026,Երևան,Նորք Մարաշ,4468560,12000,700,0,6383.0,https://myrealty.am/hy/vardzov-komercion-taracq/Norq+Ayginer+St/Nork-Marash/Yerevan/158036
04/03/2026,03/04/2026,Երևան,Կենտրոն,10985210,29500,600,0,18308.0,https://myrealty.am/hy/vardzov-komercion-taracq-norakaruycum/Pushkin+St/Center/Yerevan/159673
20/11/2025,25/03/2026,Երևան,Կենտրոն,1117140,3000,60,0,18619.0,https://myrealty.am/hy/vardzov-komercion-taracq-norakaruycum/Buzand+St/Center/Yerevan/157958
07/02/2026,07/02/2026,Երևան,Կենտրոն,372380,1000,96,0,3878.0,https://myrealty.am/hy/vardzov-komercion-taracq/Charents+St/Center/Yerevan/159343
